ZIP Code,YoY Growth 2024,Total Policies 2024,YoY Growth 2023,Total Policies 2023,YoY Growth 2022,Total Policies 2022,YoY Growth 2021,Total Policies 2021,Total Policies 2020
,,,,,,,,,
,40.30%,449832,20.60%,320572,12.40%,265909,15.40%,236515,204868
94501,33.30%,104,4.00%,78,6.30%,75,0.00%,80,80
94502,250.00%,7,0.00%,2,100.00%,2,0.00%,1,1
94536,210.50%,59,72.70%,19,22.20%,11,10.00%,9,10
94538,140.00%,24,66.70%,10,20.00%,6,25.00%,5,4
94539,247.10%,59,112.50%,17,166.70%,8,25.00%,3,4
94541,55.40%,115,12.10%,74,4.80%,66,13.70%,63,73
94542,190.50%,122,40.00%,42,0.00%,30,42.90%,30,21
94544,268.40%,70,35.70%,19,12.50%,14,11.10%,16,18
94545,81.30%,29,33.30%,16,29.40%,12,19.00%,17,21
94546,245.70%,121,118.80%,35,11.10%,16,5.30%,18,19
94550,22.00%,50,24.20%,41,22.20%,33,0.00%,27,27
94551,370.40%,127,80.00%,27,15.40%,15,0.00%,13,13
94552,101.40%,290,37.10%,144,40.00%,105,23.00%,75,61
94555,425.00%,21,33.30%,4,0.00%,3,0.00%,3,3
94560,133.30%,14,14.30%,6,12.50%,7,20.00%,8,10
94566,575.00%,189,100.00%,28,40.00%,14,11.10%,10,9
94568,560.00%,99,114.30%,15,40.00%,7,150.00%,5,2
94577,320.00%,84,11.10%,20,35.70%,18,12.00%,28,25
94578,270.00%,37,11.10%,10,35.70%,9,16.70%,14,12
94579,1050.00%,23,0.00%,2,33.30%,2,25.00%,3,4
94580,150.00%,15,14.30%,6,0.00%,7,0.00%,7,7
94586,57.40%,74,20.50%,47,44.40%,39,3.60%,27,28
94587,657.10%,53,40.00%,7,37.50%,5,0.00%,8,8
94588,242.10%,130,81.00%,38,162.50%,21,60.00%,8,5
94601,40.90%,186,0.80%,132,3.70%,131,9.90%,136,151
94602,121.30%,166,8.70%,75,3.00%,69,36.70%,67,49
94603,14.90%,77,5.60%,67,9.00%,71,11.40%,78,88
94605,74.90%,327,17.60%,187,3.20%,159,27.30%,154,121
94606,103.70%,110,11.50%,54,0.00%,61,11.60%,61,69
94607,15.20%,76,10.00%,66,10.40%,60,13.00%,67,77
94608,31.40%,92,11.10%,70,4.50%,63,20.50%,66,83
94609,62.80%,70,10.30%,43,9.30%,39,6.50%,43,46
94610,152.20%,58,53.30%,23,15.40%,15,13.30%,13,15
94611,42.60%,1666,16.70%,1168,26.50%,1001,44.60%,791,547
94612,23.50%,21,21.40%,17,6.70%,14,11.80%,15,17
94618,489.50%,112,72.70%,19,8.30%,11,7.70%,12,13
94619,80.60%,224,26.50%,124,15.30%,98,3.40%,85,88
94621,50.00%,141,1.10%,94,5.00%,95,6.50%,100,107
94702,157.90%,49,11.80%,19,5.60%,17,0.00%,18,18
94703,108.10%,77,37.00%,37,0.00%,27,3.60%,27,28
94704,103.00%,67,50.00%,33,15.80%,22,26.70%,19,15
94705,138.90%,258,10.20%,108,42.00%,98,50.00%,69,46
94706,253.80%,46,85.70%,13,22.20%,7,50.00%,9,6
1,,,,,09302024.,,,,
,,,,,,,,,
,40.30%,449832,20.60%,320572,12.40%,265909,15.40%,236515,204868
94707,692.90%,222,27.30%,28,22.20%,22,28.60%,18,14
94708,113.30%,386,29.30%,181,32.10%,140,51.40%,106,70
94709,118.80%,35,6.70%,16,7.10%,15,12.50%,14,16
94710,8.00%,27,8.70%,25,8.00%,23,3.80%,25,26
94720,0.00%,1,0.00%,,0.00%,,0.00%,,
95364,20.60%,152,6.80%,126,22.90%,118,1.10%,96,95
96120,10.50%,179,18.20%,162,19.10%,137,16.20%,115,99
95601,0.00%,40,0.00%,,0.00%,,0.00%,,
95629,17.40%,209,14.80%,178,5.40%,155,47.00%,147,100
95640,146.80%,269,78.70%,109,64.90%,61,76.20%,37,21
95642,34.30%,540,45.10%,402,43.50%,277,65.00%,193,117
95665,6.40%,1041,10.90%,978,5.60%,882,16.80%,835,715
95666,3.50%,2041,11.00%,1972,6.70%,1777,17.30%,1665,1419
95669,31.80%,282,49.70%,214,16.30%,143,39.80%,123,88
95685,19.60%,536,22.40%,448,20.00%,366,22.00%,305,250
95689,12.50%,368,15.50%,327,3.30%,283,17.10%,274,234
95699,0.00%,19,0.00%,,0.00%,,0.00%,,
95914,14.30%,72,50.00%,63,55.60%,42,107.70%,27,13
95916,15.80%,110,37.70%,95,15.90%,69,53.70%,82,177
95917,100.00%,4,100.00%,2,0.00%,1,0.00%,1,
95926,540.00%,32,66.70%,5,0.00%,3,200.00%,3,1
95928,69.60%,195,82.50%,115,1.60%,63,14.80%,62,54
95930,0.00%,99,0.00%,,0.00%,,0.00%,,
95938,20.00%,4,25.00%,5,20.00%,4,25.00%,5,4
95941,2.80%,74,4.30%,72,3.00%,69,19.60%,67,56
95942,12.70%,454,17.50%,403,9.60%,343,17.70%,313,266
95948,50.00%,9,100.00%,6,0.00%,3,50.00%,3,2
95954,12.80%,1939,55.00%,1719,12.70%,1109,28.50%,984,766
95965,59.40%,507,53.60%,318,5.60%,207,78.20%,196,110
95966,38.40%,2546,57.50%,1840,8.30%,1168,14.80%,1078,939
95968,145.50%,27,83.30%,11,100.00%,6,50.00%,3,2
95969,74.80%,1715,127.10%,981,61.80%,432,111.90%,267,126
95973,84.40%,225,29.80%,122,10.60%,94,18.10%,85,72
95222,35.10%,539,49.40%,399,20.30%,267,16.80%,222,190
95223,2.20%,4326,12.30%,4233,9.60%,3769,18.90%,3440,2893
95225,0.00%,42,0.00%,,0.00%,,0.00%,,
95226,0.00%,16,0.00%,,0.00%,,0.00%,,
95228,36.30%,759,70.90%,557,37.60%,326,55.90%,237,152
95232,4.10%,51,25.60%,49,56.00%,39,8.70%,25,23
95245,7.40%,364,25.60%,339,25.00%,270,21.30%,216,178
95246,11.80%,313,25.00%,280,26.60%,224,30.10%,177,136
95247,12.10%,1195,27.20%,1066,12.50%,838,25.80%,745,592
95249,32.00%,367,55.30%,278,28.80%,179,46.30%,139,95
1,,,,,09302024.,,,,
,,,,,,,,,
,40.30%,449832,20.60%,320572,12.40%,265909,15.40%,236515,204868
95251,10.30%,150,20.40%,136,4.60%,113,52.10%,108,71
95252,29.40%,620,50.60%,479,80.70%,318,40.80%,176,125
95254,0.00%,23,0.00%,,0.00%,,0.00%,,
95255,9.80%,414,7.10%,377,3.00%,352,19.40%,363,304
95257,0.00%,157,0.00%,157,13.80%,157,24.30%,138,111
95912,66.70%,2,50.00%,6,100.00%,4,0.00%,2,
95932,100.00%,10,0.00%,5,400.00%,5,50.00%,1,2
95955,100.00%,,0.00%,1,0.00%,1,0.00%,1,1
95970,0.00%,3,0.00%,3,0.00%,3,200.00%,3,1
95979,61.10%,29,63.60%,18,175.00%,11,33.30%,4,6
95987,25.00%,3,33.30%,4,200.00%,3,0.00%,1,1
94505,425.00%,21,33.30%,4,50.00%,3,0.00%,2,2
94506,322.60%,579,158.50%,137,32.50%,53,2.40%,40,41
94507,277.30%,415,86.40%,110,51.30%,59,50.00%,39,26
94509,160.00%,78,6.30%,30,13.50%,32,5.70%,37,35
94511,27.60%,37,11.50%,29,0.00%,26,0.00%,,
94513,150.00%,80,52.40%,32,23.50%,21,37.00%,17,27
94514,100.00%,6,25.00%,3,0.00%,4,0.00%,4,4
94517,187.30%,158,77.40%,55,342.90%,31,16.70%,7,6
94518,133.30%,28,33.30%,12,28.60%,9,0.00%,7,7
94519,83.30%,11,14.30%,6,0.00%,7,0.00%,7,7
94520,257.10%,25,75.00%,7,20.00%,4,0.00%,5,5
94521,229.40%,56,240.00%,17,16.70%,5,20.00%,6,5
94523,363.20%,88,90.00%,19,9.10%,10,8.30%,11,12
94525,200.00%,48,100.00%,16,33.30%,8,33.30%,12,9
94526,467.90%,301,82.80%,53,93.30%,29,25.00%,15,12
94528,300.00%,52,85.70%,13,75.00%,7,33.30%,4,3
94530,322.40%,207,63.30%,49,11.10%,30,42.10%,27,19
94531,450.00%,55,100.00%,10,16.70%,5,25.00%,6,8
94547,550.00%,52,166.70%,8,50.00%,3,0.00%,2,2
94549,265.00%,927,76.40%,254,26.30%,144,93.20%,114,59
94553,265.00%,292,81.80%,80,4.80%,44,5.00%,42,40
94556,456.90%,284,112.50%,51,14.30%,24,50.00%,21,14
94561,17.10%,48,0.00%,41,31.70%,41,0.00%,60,60
94563,250.30%,1191,46.60%,340,47.80%,232,63.50%,157,96
94564,366.70%,70,275.00%,15,20.00%,4,16.70%,5,6
94565,145.10%,125,18.60%,51,30.60%,43,3.10%,62,64
94569,57.10%,11,250.00%,7,100.00%,2,50.00%,1,2
94572,66.70%,15,12.50%,9,27.30%,8,0.00%,11,11
94582,309.10%,45,0.00%,11,100.00%,,50.00%,1,2
94583,184.40%,182,82.90%,64,25.00%,35,115.40%,28,13
94595,212.20%,128,64.00%,41,19.00%,25,133.30%,21,9
94596,400.00%,50,11.10%,10,10.00%,9,11.10%,10,9
1,,,,,09302024.,,,,
,,,,,,,,,
,40.30%,449832,20.60%,320572,12.40%,265909,15.40%,236515,204868
94597,245.00%,69,53.80%,20,18.20%,13,0.00%,11,11
94598,119.00%,46,133.30%,21,25.00%,9,14.30%,12,14
94801,40.00%,98,2.90%,70,15.00%,68,5.30%,80,76
94803,217.90%,248,62.50%,78,37.10%,48,6.10%,35,33
94804,87.00%,101,17.40%,54,16.40%,46,7.80%,55,51
94805,122.00%,91,78.30%,41,8.00%,23,31.60%,25,19
94806,72.10%,105,3.40%,61,1.70%,59,9.40%,58,64
95531,148.30%,216,74.00%,87,61.30%,50,40.90%,31,22
95543,3.20%,91,10.60%,94,2.40%,85,144.10%,83,34
95548,50.00%,21,40.00%,14,66.70%,10,100.00%,6,3
95567,15.40%,15,333.30%,13,25.00%,3,100.00%,4,2
95614,32.80%,623,8.30%,469,12.20%,433,47.30%,386,262
95619,69.10%,509,87.00%,301,26.80%,161,41.10%,127,90
95623,34.80%,604,51.90%,448,9.70%,295,52.00%,269,177
95633,24.60%,745,5.10%,598,8.60%,569,13.90%,524,460
95634,25.20%,685,5.60%,547,10.70%,518,17.30%,468,399
95635,13.80%,272,3.00%,239,13.20%,232,15.80%,205,177
95636,36.70%,134,6.70%,98,40.70%,105,38.30%,177,128
95651,27.00%,113,39.10%,89,1.60%,64,26.00%,63,50
95664,11.80%,285,15.90%,255,1.30%,220,51.70%,223,147
95667,30.80%,6395,11.20%,4890,8.00%,4398,13.60%,4073,3586
95672,27.00%,578,28.50%,455,13.10%,354,76.80%,313,177
95682,54.30%,2100,65.20%,1361,14.80%,824,58.10%,718,454
95684,11.20%,737,20.30%,663,0.20%,551,26.90%,552,435
95709,13.90%,935,7.20%,821,4.50%,766,57.60%,733,465
95720,3.90%,146,8.60%,152,3.40%,140,13.30%,145,128
95721,0.00%,57,1.80%,57,20.00%,56,42.90%,70,49
95726,8.80%,2458,4.70%,2260,6.10%,2159,13.00%,2035,1801
95735,13.00%,113,20.50%,100,27.80%,83,43.80%,115,80
95762,104.90%,912,54.50%,445,21.50%,288,48.10%,237,160
96142,36.10%,686,81.90%,504,42.80%,277,55.20%,194,125
96150,20.70%,4385,32.10%,3633,17.30%,2750,43.50%,2344,1633
93210,7.70%,28,30.00%,26,17.60%,20,15.00%,17,20
93234,50.00%,1,0.00%,2,50.00%,2,0.00%,4,4
93242,100.00%,2,0.00%,1,100.00%,,0.00%,1,1
93602,4.40%,519,3.80%,497,4.80%,479,3.40%,457,473
93606,0.00%,1,0.00%,,0.00%,,0.00%,,
93608,66.70%,1,50.00%,3,100.00%,2,50.00%,1,2
93609,50.00%,9,0.00%,6,20.00%,6,25.00%,5,4
93611,225.00%,13,33.30%,4,25.00%,3,0.00%,4,4
93612,320.00%,21,0.00%,5,66.70%,5,50.00%,3,2
93616,200.00%,3,50.00%,1,0.00%,2,0.00%,,
93619,51.80%,296,74.10%,195,69.70%,112,32.00%,66,50
1,,,,,09302024.,,,,
,,,,,,,,,
,40.30%,449832,20.60%,320572,12.40%,265909,15.40%,236515,204868
93621,15.80%,22,35.70%,19,7.70%,14,30.00%,13,10
93622,281.80%,42,57.10%,11,12.50%,7,0.00%,8,8
93624,0.00%,2,0.00%,,0.00%,,0.00%,,
93625,500.00%,6,83.30%,1,200.00%,6,100.00%,2,1
93626,86.00%,160,22.90%,86,45.80%,70,20.00%,48,40
93627,0.00%,,0.00%,,0.00%,,0.00%,,
93628,12.10%,111,37.50%,99,24.10%,72,18.40%,58,49
93630,42.90%,20,16.70%,14,50.00%,12,166.70%,8,3
93631,0.00%,6,20.00%,6,16.70%,5,50.00%,6,4
93633,13.20%,77,11.50%,68,17.30%,61,23.80%,52,42
93634,13.90%,131,4.20%,115,0.00%,120,0.00%,,
93640,536.40%,70,37.50%,11,33.30%,8,100.00%,12,6
93641,12.50%,56,18.50%,64,14.90%,54,42.40%,47,33
93646,7.70%,14,18.80%,13,23.10%,16,7.10%,13,14
93648,0.00%,3,0.00%,,0.00%,,100.00%,,1
93650,600.00%,21,25.00%,3,33.30%,4,50.00%,3,6
93651,24.20%,149,50.00%,120,0.00%,80,31.10%,80,61
93652,0.00%,,100.00%,,0.00%,1,0.00%,1,1
93654,128.60%,32,0.00%,14,133.30%,14,25.00%,6,8
93656,100.00%,4,100.00%,2,50.00%,1,100.00%,2,1
93657,52.10%,73,37.10%,48,29.60%,35,22.70%,27,22
93660,40.00%,7,400.00%,5,0.00%,1,0.00%,1,1
93662,250.00%,28,27.30%,8,450.00%,11,0.00%,2,2
93664,3.40%,1352,4.10%,1308,4.80%,1257,17.20%,1321,1127
93667,1.90%,264,30.80%,259,23.80%,198,35.60%,160,118
93668,200.00%,3,0.00%,1,0.00%,1,0.00%,1,1
93675,34.00%,343,59.00%,256,151.60%,161,68.40%,64,38
93701,33.30%,28,16.00%,21,31.60%,25,5.00%,19,20
93702,50.00%,105,23.10%,70,28.20%,91,10.10%,71,79
93703,118.80%,35,27.30%,16,57.10%,22,26.30%,14,19
93704,64.30%,23,6.70%,14,7.10%,15,12.50%,14,16
93705,200.00%,30,0.00%,10,11.10%,10,18.20%,9,11
93706,50.80%,98,4.40%,65,21.40%,68,11.10%,56,63
93710,120.00%,11,66.70%,5,0.00%,3,25.00%,3,4
93711,63.60%,18,22.20%,11,28.60%,9,16.70%,7,6
93720,1900.00%,20,0.00%,1,75.00%,1,20.00%,4,5
93721,16.70%,7,14.30%,6,40.00%,7,0.00%,5,5
93722,100.00%,52,23.80%,26,5.00%,21,23.10%,20,26
93723,0.00%,10,11.10%,10,18.20%,9,8.30%,11,12
93725,21.60%,45,23.30%,37,15.40%,30,8.30%,26,24
93726,700.00%,24,40.00%,3,0.00%,5,50.00%,5,10
93727,163.20%,50,18.80%,19,6.70%,16,0.00%,15,15
93728,64.30%,46,20.00%,28,16.70%,35,9.10%,30,33
1,,,,,09302024.,,,,
,,,,,,,,,
,40.30%,449832,20.60%,320572,12.40%,265909,15.40%,236515,204868
93730,700.00%,8,50.00%,1,0.00%,2,0.00%,2,2
93737,250.00%,7,0.00%,2,33.30%,2,200.00%,3,1
95920,100.00%,,0.00%,1,0.00%,,0.00%,,
95939,44.40%,13,25.00%,9,500.00%,12,33.30%,2,3
95951,300.00%,4,0.00%,1,0.00%,,0.00%,,
95963,118.20%,24,22.20%,11,28.60%,9,12.50%,7,8
95988,50.00%,6,100.00%,4,0.00%,2,50.00%,2,4
95501,177.80%,50,157.10%,18,22.20%,7,12.50%,9,8
95503,115.70%,192,89.40%,89,88.00%,47,38.90%,25,18
95511,8.30%,11,29.40%,12,13.30%,17,36.40%,15,11
95514,22.20%,14,5.30%,18,137.50%,19,11.10%,8,9
95519,118.90%,162,155.20%,74,45.00%,29,66.70%,20,12
95521,98.50%,135,54.50%,68,18.90%,44,68.20%,37,22
95524,171.40%,38,75.00%,14,100.00%,8,33.30%,4,3
95525,41.40%,41,16.00%,29,13.60%,25,4.30%,22,23
95528,60.70%,45,16.70%,28,60.00%,24,36.40%,15,11
95536,56.30%,25,0.00%,16,23.10%,16,62.50%,13,8
95540,115.00%,86,73.90%,40,9.50%,23,90.90%,21,11
95542,7.60%,219,16.20%,237,2.40%,204,16.10%,209,180
95546,8.30%,26,50.00%,24,100.00%,16,60.00%,8,5
95547,800.00%,9,50.00%,1,100.00%,2,0.00%,1,
95549,48.50%,49,22.20%,33,68.80%,27,33.30%,16,12
95550,0.00%,27,8.00%,27,31.60%,25,5.00%,19,20
95551,50.00%,12,100.00%,8,33.30%,4,0.00%,3,
95554,8.80%,124,17.50%,114,1.00%,97,28.90%,98,76
95555,62.50%,13,11.10%,8,125.00%,9,0.00%,4,4
95556,19.60%,37,17.90%,46,34.50%,39,3.60%,29,28
95558,2.90%,36,12.90%,35,10.70%,31,33.30%,28,21
95560,0.90%,112,9.90%,111,21.70%,101,50.90%,83,55
95562,260.00%,36,100.00%,10,66.70%,5,0.00%,3,3
95564,100.00%,4,0.00%,2,0.00%,,0.00%,,
95565,90.90%,21,120.00%,11,400.00%,5,0.00%,1,1
95569,11.10%,16,28.60%,18,55.60%,14,12.50%,9,8
95570,73.60%,92,130.40%,53,64.30%,23,55.60%,14,9
95573,35.40%,218,27.80%,161,16.70%,126,44.00%,108,75
95589,38.00%,138,38.90%,100,8.90%,72,23.40%,79,64
92227,200.00%,81,17.40%,27,8.00%,23,4.20%,25,24
92231,38.50%,126,4.60%,91,4.40%,87,14.20%,91,106
92233,50.00%,6,0.00%,4,100.00%,4,33.30%,2,3
92243,44.30%,127,2.30%,88,3.60%,86,0.00%,83,83
92249,50.00%,9,100.00%,6,40.00%,3,0.00%,5,5
92250,75.00%,14,60.00%,8,28.60%,5,40.00%,7,5
92251,93.30%,29,7.10%,15,17.60%,14,6.30%,17,16
1,,,,,09302024.,,,,
,,,,,,,,,
,40.30%,449832,20.60%,320572,12.40%,265909,15.40%,236515,204868
92257,75.00%,14,166.70%,8,0.00%,3,25.00%,3,4
92259,0.00%,1,50.00%,1,0.00%,2,0.00%,2,2
92266,0.00%,2,0.00%,,0.00%,,0.00%,,
92273,0.00%,11,0.00%,,0.00%,,0.00%,,
92275,0.00%,3,0.00%,,0.00%,,0.00%,,
92281,25.00%,5,33.30%,4,0.00%,3,0.00%,3,3
92283,33.30%,2,50.00%,3,0.00%,2,33.30%,2,3
92389,0.00%,1,0.00%,,0.00%,,0.00%,,
93513,112.50%,17,300.00%,8,33.30%,2,25.00%,3,4
93514,165.30%,130,63.30%,49,42.90%,30,10.50%,21,19
93526,50.00%,6,0.00%,4,0.00%,4,100.00%,4,2
93545,50.00%,24,6.70%,16,7.10%,15,55.60%,14,9
93549,0.00%,3,0.00%,,0.00%,,0.00%,,
93203,126.70%,68,25.00%,30,9.10%,24,0.00%,22,22
93205,13.30%,349,26.20%,308,10.40%,244,38.10%,221,160
93206,116.70%,13,0.00%,6,100.00%,6,50.00%,3,6
93215,34.20%,51,40.70%,38,18.20%,27,22.20%,33,27
93222,12.70%,835,6.50%,741,4.20%,696,14.60%,668,583
93224,0.00%,2,0.00%,2,0.00%,,0.00%,,
93225,42.10%,699,21.50%,492,31.10%,405,25.60%,309,246
93226,16.00%,29,25.00%,25,9.10%,20,22.20%,22,18
93238,78.00%,219,50.00%,123,26.20%,82,44.40%,65,45
93240,146.40%,621,70.30%,252,26.50%,148,62.50%,117,72
93241,33.30%,24,5.30%,18,5.60%,19,10.00%,18,20
93243,35.70%,156,35.30%,115,32.80%,85,16.40%,64,55
93249,100.00%,6,200.00%,3,66.70%,1,200.00%,3,1
93250,266.70%,22,14.30%,6,75.00%,7,20.00%,4,5
93252,28.10%,23,23.10%,32,18.20%,26,29.40%,22,17
93255,50.00%,15,11.10%,10,0.00%,9,200.00%,9,3
93263,42.90%,20,27.30%,14,8.30%,11,33.30%,12,9
93268,125.00%,81,5.90%,36,2.90%,34,16.70%,35,42
93276,50.00%,3,100.00%,2,0.00%,1,0.00%,1,
93280,37.50%,22,100.00%,16,11.10%,8,12.50%,9,8
93283,261.30%,224,24.00%,62,47.10%,50,36.00%,34,25
93285,3.40%,750,11.20%,725,7.80%,652,20.00%,605,504
93287,28.60%,9,16.70%,7,0.00%,6,100.00%,6,3
93301,103.30%,61,15.40%,30,16.10%,26,16.20%,31,37
93304,63.70%,239,2.00%,146,10.20%,149,2.40%,166,170
93305,68.50%,214,9.90%,127,4.70%,141,1.40%,148,146
93306,167.70%,249,19.20%,93,3.70%,78,6.90%,81,87
93307,58.80%,370,9.30%,233,9.80%,257,0.30%,285,286
93308,155.70%,248,21.30%,97,12.10%,80,10.80%,91,102
93309,160.50%,99,31.00%,38,6.50%,29,13.90%,31,36
1,,,,,09302024.,,,,
,,,,,,,,,
,40.30%,449832,20.60%,320572,12.40%,265909,15.40%,236515,204868
93311,183.30%,34,50.00%,12,33.30%,8,50.00%,6,4
93312,195.50%,65,46.70%,22,11.80%,15,70.00%,17,10
93313,148.60%,87,25.00%,35,12.50%,28,6.70%,32,30
93314,80.00%,36,42.90%,20,26.30%,14,26.70%,19,15
93501,178.90%,53,11.80%,19,10.50%,17,11.80%,19,17
93505,143.20%,90,60.90%,37,0.00%,23,14.80%,23,27
93516,600.00%,21,62.50%,3,33.30%,8,0.00%,6,6
93518,25.40%,212,43.20%,169,22.90%,118,45.50%,96,66
93523,133.30%,14,100.00%,6,0.00%,3,40.00%,3,5
93527,78.60%,50,3.70%,28,17.40%,27,4.50%,23,22
93528,25.00%,5,0.00%,4,0.00%,4,33.30%,4,3
93531,33.80%,107,2.60%,80,9.30%,78,21.10%,86,71
93555,343.30%,133,76.50%,30,15.00%,17,25.90%,20,27
93560,212.90%,97,34.80%,31,35.30%,23,10.50%,17,19
93561,38.50%,1594,28.70%,1151,26.80%,894,31.50%,705,536
93202,0.00%,3,50.00%,3,0.00%,2,0.00%,,
93204,33.30%,6,800.00%,9,0.00%,1,0.00%,1,1
93212,25.00%,20,23.80%,16,40.00%,21,16.70%,15,18
93230,282.40%,65,6.30%,17,220.00%,16,0.00%,5,5
93239,100.00%,2,50.00%,1,100.00%,2,50.00%,1,2
93245,250.00%,14,100.00%,4,100.00%,2,0.00%,1,1
95422,120.80%,678,52.00%,307,38.40%,202,78.00%,146,82
95423,62.10%,308,102.10%,190,49.20%,94,65.80%,63,38
95426,31.80%,373,40.10%,283,110.40%,202,28.00%,96,75
95443,28.60%,36,47.40%,28,216.70%,19,200.00%,6,2
95451,22.40%,1248,32.60%,1020,12.40%,769,30.00%,684,526
95453,133.30%,357,82.10%,153,64.70%,84,50.00%,51,34
95457,31.00%,448,53.40%,342,35.20%,223,46.00%,165,113
95458,80.90%,208,57.50%,115,32.70%,73,161.90%,55,21
95461,29.60%,447,48.70%,345,73.10%,232,50.60%,134,89
95464,96.30%,159,76.10%,81,48.40%,46,121.40%,31,14
95467,30.60%,286,49.00%,219,116.20%,147,88.90%,68,36
95485,42.20%,145,59.40%,102,14.30%,64,33.30%,56,42
95493,75.00%,21,71.40%,12,40.00%,7,0.00%,5,5
97635,50.00%,3,0.00%,2,0.00%,2,0.00%,2,
96009,0.00%,6,0.00%,,0.00%,,0.00%,,
96056,7.30%,51,205.60%,55,28.60%,18,133.30%,14,6
96109,76.90%,23,7.10%,13,75.00%,14,60.00%,8,5
96113,180.00%,14,0.00%,5,0.00%,,0.00%,,
96114,120.60%,225,61.90%,102,40.00%,63,15.40%,45,39
96117,0.00%,5,0.00%,,100.00%,,0.00%,1,
96119,50.00%,1,50.00%,2,33.30%,4,200.00%,3,1
96121,100.00%,22,57.10%,11,40.00%,7,66.70%,5,3
1,,,,,09302024.,,,,
,,,,,,,,,
,40.30%,449832,20.60%,320572,12.40%,265909,15.40%,236515,204868
96123,0.00%,,0.00%,,0.00%,,100.00%,,1
96128,25.00%,5,100.00%,4,0.00%,2,0.00%,,
96130,131.30%,444,100.00%,192,20.00%,96,40.40%,80,57
96132,100.00%,2,0.00%,1,0.00%,,0.00%,,
96136,0.00%,1,100.00%,,0.00%,1,0.00%,,
90001,3.50%,1673,1.00%,1734,3.40%,1752,2.50%,1814,1860
90002,1.80%,1106,3.80%,1126,3.20%,1170,5.10%,1209,1274
90003,3.20%,1597,0.80%,1547,3.90%,1560,5.60%,1623,1719
90004,5.30%,339,4.50%,322,7.80%,308,7.00%,334,359
90005,38.20%,94,0.00%,68,11.70%,68,5.50%,77,73
90006,3.70%,472,0.20%,455,7.10%,456,4.30%,491,513
90007,0.30%,370,10.40%,371,4.40%,414,4.60%,433,454
90008,5.10%,208,0.00%,198,6.20%,198,8.30%,211,230
90011,0.40%,2398,1.30%,2408,6.00%,2440,4.50%,2597,2719
90012,17.60%,87,7.20%,74,12.70%,69,12.90%,79,70
90013,80.00%,9,25.00%,5,20.00%,4,66.70%,5,3
90014,0.00%,5,0.00%,,0.00%,,0.00%,,
90015,0.00%,78,2.60%,78,18.80%,76,5.90%,64,68
90016,2.60%,553,1.00%,568,7.40%,574,7.60%,620,671
90017,58.30%,19,14.30%,12,16.70%,14,9.10%,12,11
90018,1.00%,883,2.00%,892,6.90%,910,5.10%,977,1029
90019,6.70%,605,0.20%,567,6.60%,568,9.80%,608,674
90020,53.80%,40,8.30%,26,14.30%,24,25.00%,21,28
90021,7.70%,14,18.20%,13,0.00%,11,0.00%,11,11
90022,0.30%,1057,3.10%,1060,5.90%,1094,4.70%,1163,1220
90023,2.40%,1017,3.10%,1042,5.30%,1075,2.90%,1135,1169
90024,105.10%,80,21.90%,39,3.20%,32,8.80%,31,34
90025,46.20%,57,7.10%,39,10.60%,42,2.10%,47,48
90026,0.50%,729,1.20%,733,5.20%,742,4.70%,783,822
90027,13.90%,319,15.20%,280,2.80%,243,7.80%,250,232
90028,0.00%,33,8.30%,33,7.70%,36,2.60%,39,38
90029,2.50%,242,6.30%,236,2.20%,222,16.50%,227,272
90031,0.70%,705,3.30%,710,8.30%,687,3.10%,749,773
90032,0.30%,590,0.50%,592,4.80%,589,7.10%,619,666
90033,5.80%,650,1.40%,690,6.00%,700,4.50%,745,780
90034,1.10%,90,3.30%,89,2.10%,92,11.30%,94,106
90035,44.20%,75,13.30%,52,3.40%,60,4.90%,58,61
90036,24.70%,96,14.90%,77,6.30%,67,7.40%,63,68
90037,0.40%,1355,1.20%,1360,5.50%,1377,3.60%,1457,1512
90038,12.90%,114,4.70%,101,5.40%,106,10.40%,112,125
90039,1.80%,331,4.20%,325,7.10%,312,3.40%,336,348
90040,0.60%,157,5.40%,158,1.80%,167,4.00%,170,177
90041,18.30%,271,2.60%,229,2.10%,235,3.20%,240,248
1,,,,,09302024.,,,,
,,,,,,,,,
,40.30%,449832,20.60%,320572,12.40%,265909,15.40%,236515,204868
90042,5.90%,823,1.00%,777,3.10%,785,6.70%,810,868
90043,3.70%,616,2.30%,594,5.90%,608,7.60%,646,699
90044,1.50%,1724,0.90%,1699,4.30%,1714,6.30%,1791,1912
90045,23.30%,37,7.10%,30,6.70%,28,0.00%,30,30
90046,1.30%,1979,7.70%,2006,12.40%,1862,11.40%,1656,1487
90047,9.60%,870,2.60%,794,6.00%,815,6.70%,867,929
90048,59.70%,99,1.60%,62,16.00%,63,5.10%,75,79
90049,47.50%,1600,10.30%,1085,20.70%,984,23.30%,815,661
90056,47.10%,25,13.30%,17,11.80%,15,29.20%,17,24
90057,17.80%,60,1.40%,73,7.50%,72,10.70%,67,75
90058,8.50%,43,7.80%,47,3.80%,51,0.00%,53,53
90059,1.60%,665,5.50%,676,4.50%,715,4.50%,749,784
90061,2.40%,438,3.60%,449,1.10%,466,2.70%,471,484
90062,1.50%,796,0.10%,808,8.10%,809,5.80%,880,934
90063,0.20%,1327,3.10%,1330,5.30%,1372,4.00%,1449,1510
90064,40.00%,63,2.20%,45,13.20%,46,1.90%,53,54
90065,9.50%,830,2.00%,758,2.00%,743,5.10%,758,799
90066,37.90%,91,4.80%,66,13.70%,63,1.40%,73,72
90067,300.00%,8,0.00%,2,33.30%,2,50.00%,3,2
90068,10.60%,1341,9.90%,1213,8.00%,1104,7.00%,1022,955
90069,26.80%,341,5.90%,269,22.70%,254,7.30%,207,193
90071,100.00%,,0.00%,1,0.00%,1,0.00%,,
90077,12.40%,1799,6.90%,1601,13.60%,1498,23.50%,1319,1068
90089,20.00%,4,28.60%,5,12.50%,7,0.00%,8,8
90094,200.00%,6,0.00%,2,100.00%,2,0.00%,1,
90095,100.00%,,0.00%,1,0.00%,1,0.00%,,
90201,9.30%,1038,1.10%,950,3.40%,940,2.10%,973,994
90210,4.90%,2221,10.10%,2118,19.80%,1923,26.50%,1605,1269
90211,42.90%,50,16.70%,35,6.30%,30,8.60%,32,35
90212,65.20%,38,21.10%,23,11.80%,19,13.30%,17,15
90220,2.80%,616,0.50%,599,5.30%,602,5.40%,636,672
90221,0.10%,750,1.10%,751,8.60%,759,5.70%,830,880
90222,5.70%,530,2.90%,562,5.90%,579,5.80%,615,653
90230,29.60%,70,5.90%,54,2.00%,51,7.40%,50,54
90232,0.00%,41,10.80%,41,11.90%,37,6.70%,42,45
90240,19.60%,128,3.60%,107,2.60%,111,3.40%,114,118
90241,7.50%,129,3.40%,120,5.70%,116,6.80%,123,132
90242,10.60%,167,0.70%,151,7.30%,152,3.50%,164,170
90245,175.00%,11,0.00%,4,20.00%,4,0.00%,5,5
90247,3.20%,195,3.30%,189,9.00%,183,3.40%,201,208
90248,18.20%,52,2.30%,44,10.30%,43,11.40%,39,44
90249,26.80%,90,0.00%,71,5.30%,71,16.70%,75,90
90250,8.10%,322,0.70%,298,8.60%,296,8.00%,324,352
1,,,,,09302024.,,,,
,,,,,,,,,
,40.30%,449832,20.60%,320572,12.40%,265909,15.40%,236515,204868
90254,76.50%,30,30.80%,17,7.10%,13,7.70%,14,13
90255,0.70%,1006,1.50%,999,4.70%,984,4.10%,1033,1077
90260,7.70%,140,4.40%,130,6.20%,136,6.50%,145,155
90262,0.50%,769,0.40%,773,4.10%,770,2.00%,803,819
90265,22.30%,2366,14.00%,1935,16.50%,1698,30.60%,1457,1116
90266,59.40%,51,10.30%,32,16.00%,29,13.80%,25,29
90270,2.40%,332,2.00%,340,3.30%,347,3.80%,359,373
90272,85.00%,1430,19.50%,773,22.80%,647,46.40%,527,360
90274,75.00%,133,55.10%,76,19.50%,49,7.90%,41,38
90275,130.90%,157,17.20%,68,3.30%,58,0.00%,60,60
90277,30.20%,56,10.30%,43,7.10%,39,0.00%,42,42
90278,26.50%,43,21.40%,34,7.70%,28,16.10%,26,31
90280,9.80%,1116,2.10%,1016,3.70%,1038,2.10%,1078,1101
90290,0.40%,1915,6.20%,1922,3.70%,1810,11.10%,1746,1572
90291,11.90%,141,3.30%,126,6.20%,122,6.50%,130,139
90292,163.60%,29,21.40%,11,7.70%,14,7.10%,13,14
90293,145.50%,27,37.50%,11,0.00%,8,14.30%,8,7
90301,0.80%,250,0.80%,252,8.10%,250,3.20%,272,281
90302,1.90%,210,0.00%,214,4.90%,214,5.50%,225,238
90303,20.20%,238,0.50%,198,10.40%,199,3.50%,222,230
90304,3.90%,270,0.40%,281,7.50%,282,5.90%,305,324
90305,20.00%,114,4.00%,95,4.80%,99,10.30%,104,116
90401,0.00%,3,0.00%,3,100.00%,,66.70%,1,3
90402,128.20%,89,44.40%,39,3.80%,27,4.00%,26,25
90403,36.00%,34,0.00%,25,21.90%,25,28.00%,32,25
90404,40.00%,42,3.20%,30,6.10%,31,10.00%,33,30
90405,5.30%,60,11.80%,57,2.00%,51,2.00%,50,51
90501,18.90%,113,0.00%,95,5.90%,95,3.10%,101,98
90502,33.30%,56,2.30%,42,2.30%,43,2.30%,44,43
90503,76.20%,37,5.00%,21,0.00%,20,13.00%,20,23
90504,76.20%,37,16.70%,21,18.20%,18,0.00%,22,22
90505,94.70%,37,0.00%,19,5.60%,19,5.30%,18,19
90601,27.60%,365,7.90%,286,4.30%,265,2.40%,254,248
90602,18.10%,170,0.00%,144,3.40%,144,5.70%,149,158
90603,38.80%,68,16.70%,49,2.30%,42,30.30%,43,33
90604,1.00%,102,7.30%,103,5.90%,96,3.00%,102,99
90605,0.40%,232,0.90%,233,4.50%,235,0.40%,246,247
90606,5.80%,195,0.00%,207,5.50%,207,6.40%,219,234
90638,43.40%,109,18.80%,76,1.50%,64,12.20%,65,74
90640,6.30%,319,0.30%,300,4.50%,299,7.90%,313,340
90650,13.50%,445,0.30%,392,3.20%,391,8.60%,404,442
90660,0.80%,402,0.00%,399,8.90%,399,3.50%,438,454
90670,0.00%,47,14.60%,47,4.70%,41,2.30%,43,44
1,,,,,09302024.,,,,
,,,,,,,,,
,40.30%,449832,20.60%,320572,12.40%,265909,15.40%,236515,204868
90701,16.90%,76,7.10%,65,2.80%,70,1.40%,72,73
90703,62.70%,96,28.30%,59,19.30%,46,8.10%,57,62
90704,2.70%,263,26.70%,256,49.60%,202,42.10%,135,95
90706,18.30%,258,1.80%,218,6.30%,222,5.20%,237,250
90710,53.10%,98,10.30%,64,0.00%,58,0.00%,58,58
90712,26.20%,53,31.30%,42,13.50%,32,15.90%,37,44
90713,4.00%,26,7.40%,25,3.60%,27,3.70%,28,27
90715,5.50%,77,9.00%,73,10.70%,67,7.40%,75,81
90716,3.80%,77,1.30%,80,9.20%,79,2.20%,87,89
90717,10.50%,63,1.70%,57,4.90%,58,6.20%,61,65
90723,13.10%,327,1.80%,289,6.30%,284,6.50%,303,324
90731,13.10%,259,9.60%,229,5.40%,209,9.40%,221,244
90732,147.10%,42,6.30%,17,5.90%,16,19.00%,17,21
90744,1.20%,342,2.30%,338,5.70%,346,8.90%,367,403
90745,19.50%,202,3.70%,169,11.90%,163,10.60%,185,207
90746,26.30%,197,5.40%,156,0.00%,148,5.70%,148,140
90755,3.30%,31,20.00%,30,4.20%,25,17.20%,24,29
90802,54.20%,91,7.30%,59,8.30%,55,7.70%,60,65
90803,151.70%,73,16.00%,29,4.20%,25,0.00%,24,24
90804,0.80%,120,6.10%,121,6.60%,114,6.20%,122,130
90805,0.20%,476,1.30%,477,4.80%,471,8.70%,495,542
90806,2.80%,220,0.00%,214,4.50%,214,2.60%,224,230
90807,36.70%,67,9.30%,49,10.00%,54,6.30%,60,64
90808,50.00%,33,15.80%,22,0.00%,19,18.80%,19,16
90810,9.60%,206,2.60%,188,3.50%,193,7.80%,200,217
90813,0.80%,252,2.00%,250,3.80%,255,4.70%,265,278
90814,63.30%,49,0.00%,30,14.30%,30,10.30%,35,39
90815,83.30%,22,40.00%,12,13.00%,20,9.50%,23,21
91001,28.80%,958,14.30%,744,0.90%,651,1.90%,657,670
91006,67.40%,293,28.70%,175,6.20%,136,3.30%,145,150
91007,62.40%,138,18.10%,85,2.70%,72,0.00%,74,74
91008,21.80%,123,12.20%,101,6.30%,90,6.70%,96,90
91010,52.90%,260,5.60%,170,5.80%,161,9.50%,171,189
91011,70.30%,807,20.30%,474,7.90%,394,0.00%,365,365
91016,47.70%,489,18.60%,331,4.10%,279,3.60%,291,302
91020,78.40%,66,27.60%,37,7.40%,29,8.00%,27,25
91024,20.90%,394,6.20%,326,6.10%,307,5.80%,327,347
91030,40.30%,202,20.00%,144,4.80%,120,3.10%,126,130
91040,42.80%,704,16.00%,493,0.50%,425,1.40%,427,421
91042,34.00%,1010,13.60%,754,4.50%,664,2.10%,695,710
91101,8.20%,53,32.40%,49,5.70%,37,10.30%,35,39
91103,10.30%,342,11.90%,310,0.70%,277,0.40%,279,280
91104,24.90%,266,2.70%,213,1.90%,219,8.90%,215,236
1,,,,,09302024.,,,,
,,,,,,,,,
,40.30%,449832,20.60%,320572,12.40%,265909,15.40%,236515,204868
91105,27.50%,260,19.30%,204,18.80%,171,15.20%,144,125
91106,22.20%,88,4.30%,72,0.00%,69,5.50%,69,73
91107,62.10%,457,9.70%,282,5.50%,257,5.00%,272,259
91108,67.20%,97,1.80%,58,11.80%,57,7.30%,51,55
91201,63.50%,170,9.50%,104,5.00%,95,5.70%,100,106
91202,71.70%,261,16.00%,152,1.60%,131,5.10%,129,136
91203,25.00%,45,20.00%,36,16.70%,30,14.30%,36,42
91204,13.30%,51,9.80%,45,16.30%,41,3.90%,49,51
91205,14.70%,109,1.00%,95,5.90%,96,8.90%,102,112
91206,12.00%,709,10.70%,633,0.30%,572,1.20%,574,567
91207,90.90%,273,19.20%,143,6.20%,120,0.90%,113,114
91208,54.30%,753,20.80%,488,2.80%,404,4.80%,393,413
91214,97.10%,684,33.50%,347,1.60%,260,10.50%,256,286
91301,79.30%,1151,34.60%,642,16.30%,477,28.10%,410,320
91302,75.40%,1922,24.80%,1096,15.10%,878,28.20%,763,595
91303,13.20%,86,1.30%,76,6.30%,75,6.70%,80,75
91304,57.40%,614,15.70%,390,3.40%,337,9.00%,326,299
91306,30.60%,209,8.10%,160,3.90%,148,5.50%,154,163
91307,64.00%,546,22.00%,333,37.90%,273,1.50%,198,195
91311,84.50%,679,16.50%,368,10.90%,316,15.90%,285,246
91316,155.20%,495,25.20%,194,7.60%,155,30.90%,144,110
91321,122.60%,797,52.30%,358,12.40%,235,34.00%,209,156
91324,40.00%,91,10.20%,65,6.30%,59,7.40%,63,68
91325,39.80%,151,10.20%,108,4.90%,98,7.30%,103,96
91326,135.20%,602,62.00%,256,3.90%,158,10.10%,152,138
91330,0.00%,,0.00%,,0.00%,,100.00%,,1
91331,9.30%,980,4.70%,897,1.70%,857,5.90%,872,927
91335,22.50%,441,6.20%,360,2.90%,339,4.90%,349,367
91340,16.80%,389,5.40%,333,4.00%,316,7.10%,329,354
91342,39.60%,1681,26.20%,1204,2.10%,954,4.80%,934,891
91343,17.70%,246,12.40%,209,3.10%,186,1.50%,192,195
91344,58.70%,519,12.80%,327,0.30%,290,1.40%,289,293
91345,27.50%,139,12.40%,109,6.70%,97,7.10%,104,112
91350,119.10%,585,36.90%,267,6.00%,195,30.50%,184,141
91351,131.20%,511,50.30%,221,0.70%,147,23.30%,148,120
91352,19.30%,679,7.20%,569,4.00%,531,3.50%,553,573
91354,282.00%,382,85.20%,100,12.50%,54,14.30%,48,42
91355,463.20%,107,90.00%,19,0.00%,10,0.00%,10,10
91356,160.40%,802,26.70%,308,6.60%,243,20.00%,228,190
91364,95.10%,948,35.80%,486,0.80%,358,26.30%,355,281
91367,122.80%,303,15.30%,136,0.80%,118,2.50%,119,122
91381,185.50%,551,39.90%,193,34.00%,138,22.60%,103,84
91384,41.60%,1592,20.00%,1124,45.00%,937,25.70%,646,514
1,,,,,09302024.,,,,
,,,,,,,,,
,40.30%,449832,20.60%,320572,12.40%,265909,15.40%,236515,204868
91387,104.40%,1429,45.00%,699,10.30%,482,35.30%,437,323
91390,48.60%,1288,11.90%,867,11.00%,775,21.40%,698,575
91401,39.70%,162,6.40%,116,6.80%,109,8.60%,117,128
91402,24.30%,292,2.10%,235,2.00%,240,3.90%,245,255
91403,36.00%,604,20.30%,444,19.00%,369,20.60%,310,257
91405,8.90%,171,6.10%,157,1.30%,148,8.50%,150,164
91406,18.10%,202,3.40%,171,4.80%,177,6.10%,186,198
91411,44.70%,68,0.00%,47,16.10%,47,1.80%,56,55
91423,18.60%,656,15.20%,553,16.80%,480,25.70%,411,327
91436,122.80%,655,36.70%,294,20.10%,215,49.20%,179,120
91501,75.50%,244,3.70%,139,2.90%,134,2.10%,138,141
91502,25.00%,15,20.00%,12,11.10%,10,18.20%,9,11
91504,81.50%,285,23.60%,157,3.80%,127,6.50%,132,124
91505,37.70%,95,4.50%,69,10.80%,66,5.10%,74,78
91506,34.60%,70,10.60%,52,9.30%,47,4.40%,43,45
91601,3.10%,131,1.60%,127,5.80%,129,2.80%,137,141
91602,103.70%,55,35.00%,27,5.30%,20,0.00%,19,19
91604,28.40%,777,9.60%,605,15.00%,552,31.90%,480,364
91605,9.60%,321,4.30%,293,6.30%,281,6.50%,300,321
91606,6.30%,237,4.30%,223,9.70%,233,4.50%,258,247
91607,81.30%,58,17.90%,32,8.30%,39,10.00%,36,40
91702,36.20%,418,10.40%,307,4.10%,278,2.40%,290,297
91706,7.30%,515,1.70%,480,7.10%,472,8.60%,508,556
91711,73.10%,232,28.80%,134,1.00%,104,10.50%,105,95
91722,19.60%,134,2.80%,112,9.20%,109,4.80%,120,126
91723,45.50%,48,3.10%,33,3.20%,32,16.20%,31,37
91724,26.80%,156,10.80%,123,2.60%,111,0.90%,114,115
91731,12.30%,192,4.90%,171,2.40%,163,2.90%,167,172
91732,16.40%,354,2.00%,304,1.30%,298,9.90%,302,335
91733,3.00%,274,6.00%,266,4.60%,251,3.70%,263,273
91740,75.00%,112,16.40%,64,7.80%,55,12.10%,51,58
91741,56.60%,418,24.80%,267,3.40%,214,6.70%,207,194
91744,11.70%,676,1.30%,605,7.30%,597,3.20%,644,665
91745,45.70%,599,10.20%,411,1.90%,373,3.10%,366,355
91746,6.80%,250,6.40%,234,3.50%,220,2.60%,228,234
91748,84.60%,419,23.40%,227,2.20%,184,5.90%,180,170
91750,125.40%,480,32.30%,213,15.80%,161,3.00%,139,135
91754,16.70%,119,10.90%,102,7.10%,92,1.00%,99,100
91755,36.80%,104,22.60%,76,3.10%,62,0.00%,64,64
91765,72.30%,984,17.50%,571,6.80%,486,24.70%,455,365
91766,24.90%,526,4.70%,421,6.30%,402,4.00%,429,447
91767,19.40%,246,1.40%,206,4.60%,209,7.20%,219,236
91768,9.70%,193,2.80%,176,7.20%,181,8.00%,195,212
1,,,,,09302024.,,,,
,,,,,,,,,
,40.30%,449832,20.60%,320572,12.40%,265909,15.40%,236515,204868
91770,12.00%,354,7.10%,316,3.10%,295,3.10%,286,295
91773,64.40%,416,31.80%,253,9.10%,192,1.70%,176,173
91775,44.20%,75,20.90%,52,0.00%,43,17.30%,43,52
91776,18.60%,172,9.80%,145,3.10%,132,15.80%,128,152
91780,43.40%,142,13.80%,99,9.40%,87,5.00%,96,101
91789,85.70%,403,19.90%,217,5.20%,181,3.90%,172,179
91790,25.50%,182,5.20%,145,8.40%,153,6.70%,167,179
91791,67.00%,192,8.50%,115,1.00%,106,11.80%,105,119
91792,58.60%,111,18.60%,70,14.50%,59,13.80%,69,80
91801,13.10%,198,7.40%,175,5.80%,163,7.50%,173,187
91803,26.80%,161,0.80%,127,5.30%,126,5.70%,133,141
93510,74.10%,761,43.30%,437,53.30%,305,25.20%,199,159
93532,19.10%,511,13.80%,429,30.90%,377,37.10%,288,210
93534,98.70%,155,52.90%,78,5.60%,51,8.50%,54,59
93535,114.40%,386,33.30%,180,2.90%,135,11.20%,139,125
93536,98.60%,284,34.90%,143,0.90%,106,10.30%,107,97
93543,82.80%,181,76.80%,99,1.80%,56,3.50%,55,57
93544,44.70%,55,18.80%,38,6.70%,32,20.00%,30,25
93550,124.00%,522,17.10%,233,4.20%,199,13.00%,191,169
93551,76.70%,744,50.90%,421,22.40%,279,26.70%,228,180
93552,93.30%,230,58.70%,119,2.70%,75,4.30%,73,70
93553,77.50%,71,100.00%,40,11.10%,20,12.50%,18,16
93563,0.00%,10,25.00%,10,33.30%,8,20.00%,6,5
93591,67.60%,62,48.00%,37,13.60%,25,8.30%,22,24
93601,28.90%,308,16.00%,239,46.10%,206,31.80%,141,107
93604,17.80%,490,9.80%,416,51.00%,379,46.80%,251,171
93610,0.00%,17,70.00%,17,150.00%,10,0.00%,4,4
93614,38.20%,1412,23.00%,1022,54.20%,831,36.50%,539,395
93636,111.40%,74,150.00%,35,7.70%,14,333.30%,13,3
93637,117.60%,37,21.40%,17,40.00%,14,11.10%,10,9
93638,80.00%,90,78.60%,50,100.00%,28,0.00%,14,14
93643,1.80%,609,6.00%,598,11.20%,564,18.50%,507,428
93644,36.90%,1350,13.90%,986,38.30%,866,34.30%,626,466
93645,46.70%,44,0.00%,30,36.40%,30,10.00%,22,20
93653,30.30%,99,18.80%,76,12.30%,64,103.60%,57,28
93669,1.80%,109,0.90%,111,8.90%,110,18.80%,101,85
94901,163.30%,158,140.00%,60,8.70%,25,35.30%,23,17
94903,396.00%,124,56.30%,25,166.70%,16,0.00%,6,6
94904,104.80%,86,31.30%,42,3.00%,32,135.70%,33,14
94920,117.40%,50,64.30%,23,12.50%,14,33.30%,16,12
94924,40.00%,21,66.70%,15,125.00%,9,0.00%,4,4
94925,107.30%,85,36.70%,41,42.90%,30,50.00%,21,14
94929,150.00%,15,50.00%,6,33.30%,4,25.00%,3,4
1,,,,,09302024.,,,,
,,,,,,,,,
,40.30%,449832,20.60%,320572,12.40%,265909,15.40%,236515,204868
94930,101.10%,179,58.90%,89,55.60%,56,44.00%,36,25
94933,6.50%,49,58.60%,46,20.80%,29,26.30%,24,19
94937,7.10%,270,21.70%,252,19.70%,207,31.10%,173,132
94938,65.40%,43,18.20%,26,37.50%,22,77.80%,16,9
94939,152.90%,86,36.00%,34,78.60%,25,40.00%,14,10
94940,28.60%,18,27.30%,14,37.50%,11,0.00%,8,8
94941,80.50%,565,23.20%,313,14.40%,254,25.40%,222,177
94945,168.30%,110,86.40%,41,37.50%,22,433.30%,16,3
94946,2.70%,38,19.40%,37,138.50%,31,44.40%,13,9
94947,244.40%,124,100.00%,36,200.00%,18,0.00%,6,6
94949,304.00%,101,31.60%,25,90.00%,19,233.30%,10,3
94956,6.30%,51,37.10%,48,40.00%,35,78.60%,25,14
94957,141.70%,29,140.00%,12,16.70%,5,500.00%,6,1
94960,188.60%,127,120.00%,44,33.30%,20,50.00%,15,10
94963,125.00%,18,14.30%,8,40.00%,7,66.70%,5,3
94965,10.70%,331,0.30%,299,0.30%,300,7.90%,299,277
94970,93.80%,31,60.00%,16,66.70%,10,200.00%,6,2
94971,0.00%,3,0.00%,3,50.00%,3,0.00%,2,
94973,3.70%,52,58.80%,54,21.40%,34,21.70%,28,23
93623,2.80%,73,2.90%,71,16.90%,69,22.90%,59,48
95306,78.50%,116,4.80%,65,63.20%,62,153.30%,38,15
95311,9.60%,376,3.90%,343,14.60%,330,25.80%,288,229
95318,16.30%,57,11.40%,49,51.70%,44,20.80%,29,24
95338,24.90%,1922,8.80%,1539,49.80%,1414,37.20%,944,688
95345,22.00%,150,9.80%,123,14.30%,112,16.70%,98,84
95389,7.10%,285,2.30%,266,17.60%,260,55.60%,221,142
95410,31.50%,71,38.50%,54,39.30%,39,47.40%,28,19
95415,58.30%,76,50.00%,48,5.90%,32,126.70%,34,15
95417,0.00%,9,28.60%,9,75.00%,7,33.30%,4,3
95420,31.60%,25,72.70%,19,57.10%,11,40.00%,7,5
95427,13.30%,17,25.00%,15,9.10%,12,10.00%,11,10
95428,0.00%,45,25.00%,45,10.00%,36,5.30%,40,38
95429,31.30%,21,0.00%,16,0.00%,16,6.70%,16,15
95432,15.00%,23,0.00%,20,33.30%,20,114.30%,15,7
95437,113.30%,305,52.10%,143,56.70%,94,17.60%,60,51
95445,36.70%,302,43.50%,221,65.60%,154,55.00%,93,60
95449,4.90%,64,134.60%,61,44.40%,26,50.00%,18,12
95454,2.10%,143,4.50%,140,11.70%,134,20.00%,120,100
95456,88.40%,130,56.80%,69,69.20%,44,52.90%,26,17
95459,58.80%,54,41.70%,34,26.30%,24,26.70%,19,15
95460,96.70%,118,30.40%,60,39.40%,46,26.90%,33,26
95463,0.00%,20,0.00%,,0.00%,,0.00%,,
95466,22.70%,81,57.10%,66,40.00%,42,130.80%,30,13
1,,,,,09302024.,,,,
,,,,,,,,,
,40.30%,449832,20.60%,320572,12.40%,265909,15.40%,236515,204868
95468,82.60%,42,35.30%,23,142.90%,17,75.00%,7,4
95469,16.50%,155,40.00%,133,4.40%,95,26.40%,91,72
95470,67.70%,218,49.40%,130,11.50%,87,14.70%,78,68
95482,107.00%,824,66.50%,398,27.10%,239,50.40%,188,125
95488,10.00%,22,81.80%,20,0.00%,11,57.10%,11,7
95490,15.10%,853,22.90%,741,23.30%,603,31.50%,489,372
95494,2.30%,45,46.70%,44,42.90%,30,90.90%,21,11
95585,17.60%,20,112.50%,17,33.30%,8,0.00%,6,6
95587,15.40%,15,44.40%,13,30.80%,9,13.30%,13,15
93620,40.00%,7,66.70%,5,50.00%,3,100.00%,2,1
93635,60.00%,16,66.70%,10,0.00%,6,20.00%,6,5
95301,71.40%,12,0.00%,7,22.20%,7,28.60%,9,7
95303,0.00%,1,0.00%,1,0.00%,1,0.00%,1,1
95315,1200.00%,13,0.00%,1,0.00%,,0.00%,,
95317,0.00%,7,0.00%,7,100.00%,,0.00%,1,1
95322,433.30%,16,200.00%,3,0.00%,1,0.00%,1,1
95324,100.00%,2,0.00%,1,0.00%,1,0.00%,,
95333,150.00%,5,100.00%,2,0.00%,1,0.00%,,
95334,100.00%,10,0.00%,5,0.00%,5,66.70%,5,3
95340,92.90%,27,100.00%,14,12.50%,7,20.00%,8,10
95341,70.00%,17,66.70%,10,33.30%,6,43.80%,9,16
95348,200.00%,21,133.30%,7,25.00%,3,100.00%,4,2
95365,20.00%,4,25.00%,5,42.90%,4,0.00%,7,7
95369,137.50%,19,33.30%,8,200.00%,6,100.00%,2,1
95374,0.00%,4,0.00%,,0.00%,,0.00%,,
95388,166.70%,8,50.00%,3,0.00%,2,0.00%,2,2
96006,37.50%,5,100.00%,8,100.00%,4,100.00%,2,1
96015,66.70%,15,28.60%,9,250.00%,7,0.00%,2,
96054,14.30%,8,16.70%,7,20.00%,6,150.00%,5,2
96101,181.80%,93,43.50%,33,43.80%,23,23.10%,16,13
96104,66.70%,15,200.00%,9,0.00%,3,0.00%,3,3
96108,150.00%,10,100.00%,4,100.00%,2,0.00%,1,1
96110,0.00%,4,0.00%,,0.00%,,0.00%,,
96112,133.30%,7,0.00%,3,50.00%,3,100.00%,2,1
96115,500.00%,12,0.00%,2,0.00%,,0.00%,,
96116,600.00%,7,0.00%,1,0.00%,1,0.00%,,
93512,0.00%,3,0.00%,3,0.00%,3,0.00%,3,3
93517,41.50%,92,54.80%,65,20.00%,42,34.60%,35,26
93529,18.40%,232,19.50%,196,17.10%,164,7.70%,140,130
93541,2.60%,39,31.00%,38,141.70%,29,20.00%,12,10
93546,79.10%,892,52.30%,498,66.00%,327,26.30%,197,156
96107,55.00%,31,25.00%,20,300.00%,16,20.00%,4,5
96133,150.00%,5,100.00%,2,0.00%,1,0.00%,1,
1,,,,,09302024.,,,,
,,,,,,,,,
,40.30%,449832,20.60%,320572,12.40%,265909,15.40%,236515,204868
93426,14.50%,348,2.40%,304,18.80%,297,14.20%,250,219
93450,0.00%,7,40.00%,7,28.60%,5,0.00%,7,
93901,225.00%,13,0.00%,4,20.00%,4,25.00%,5,4
93905,266.70%,22,100.00%,6,0.00%,3,0.00%,3,3
93906,425.00%,21,100.00%,4,0.00%,2,33.30%,2,3
93907,29.30%,499,37.90%,386,122.20%,280,34.00%,126,94
93908,31.50%,405,22.20%,308,27.90%,252,26.30%,197,156
93920,3.40%,120,7.40%,116,12.50%,108,37.10%,96,70
93923,38.60%,1016,12.60%,733,24.70%,651,54.00%,522,339
93924,26.30%,711,8.90%,563,25.50%,517,15.70%,412,356
93925,0.00%,18,20.00%,18,66.70%,15,200.00%,9,3
93926,0.00%,6,14.30%,6,40.00%,7,66.70%,5,3
93927,1.40%,72,18.30%,71,71.40%,60,45.80%,35,24
93930,200.00%,129,7.50%,43,48.10%,40,58.80%,27,17
93932,20.00%,12,0.00%,10,11.10%,10,350.00%,9,2
93933,127.30%,50,2100.00%,22,0.00%,1,66.70%,1,3
93940,37.10%,303,27.70%,221,43.00%,173,49.40%,121,81
93950,166.70%,16,200.00%,6,100.00%,2,50.00%,1,2
93953,67.10%,117,18.60%,70,51.30%,59,44.40%,39,27
93954,0.00%,3,0.00%,,0.00%,,0.00%,,
93955,266.70%,22,200.00%,6,0.00%,2,0.00%,,
93960,4.20%,23,33.30%,24,63.60%,18,120.00%,11,5
93962,0.00%,2,0.00%,,0.00%,,0.00%,,
95004,88.90%,102,80.00%,54,42.90%,30,90.90%,21,11
95012,40.00%,28,81.80%,20,57.10%,11,0.00%,7,7
95039,300.00%,4,0.00%,1,0.00%,1,0.00%,1,
94503,1350.00%,29,0.00%,2,100.00%,,0.00%,1,1
94508,24.70%,278,29.70%,223,97.70%,172,52.60%,87,57
94515,34.30%,415,33.20%,309,73.10%,232,61.40%,134,83
94558,41.60%,705,31.10%,498,76.70%,380,31.90%,215,163
94559,71.40%,60,29.60%,35,107.70%,27,116.70%,13,6
94567,5.30%,142,7.10%,150,25.00%,140,19.10%,112,94
94574,16.70%,483,39.90%,414,73.10%,296,71.00%,171,100
94576,20.00%,18,0.00%,15,15.40%,15,8.30%,13,12
94599,120.00%,22,66.70%,10,200.00%,6,100.00%,2,1
95728,28.70%,439,16.80%,341,49.00%,292,44.10%,196,136
95945,21.70%,3350,32.60%,2752,12.40%,2075,12.40%,1846,1643
95946,40.90%,1388,52.50%,985,13.10%,646,14.20%,571,500
95949,10.00%,4216,19.10%,3833,5.60%,3218,16.30%,3046,2619
95959,10.80%,3987,21.50%,3598,9.70%,2961,18.50%,2698,2276
95960,1.90%,105,0.00%,103,17.00%,103,3.50%,88,85
95975,18.90%,358,23.40%,301,2.10%,244,13.30%,239,211
95977,21.60%,259,27.50%,213,16.80%,167,20.20%,143,119
1,,,,,09302024.,,,,
,,,,,,,,,
,40.30%,449832,20.60%,320572,12.40%,265909,15.40%,236515,204868
96111,0.00%,25,8.70%,25,4.50%,23,4.80%,22,21
96161,18.30%,5332,32.60%,4509,36.60%,3401,37.60%,2489,1809
90620,96.20%,51,73.30%,26,31.80%,15,4.80%,22,21
90621,103.80%,53,36.80%,26,13.60%,19,26.70%,22,30
90623,25.00%,10,14.30%,8,0.00%,7,0.00%,7,7
90630,61.50%,42,18.20%,26,4.30%,22,20.70%,23,29
90631,37.80%,434,16.70%,315,5.50%,270,28.00%,256,200
90680,190.90%,32,10.00%,11,16.70%,10,33.30%,12,9
90720,128.60%,16,75.00%,7,33.30%,4,57.10%,3,7
90740,55.60%,14,0.00%,9,12.50%,9,11.10%,8,9
90742,150.00%,5,0.00%,2,0.00%,2,0.00%,2,2
90743,33.30%,4,50.00%,3,0.00%,2,0.00%,,
92602,274.20%,116,72.20%,31,5.90%,18,142.90%,17,7
92603,373.50%,161,70.00%,34,17.60%,20,30.80%,17,13
92604,300.00%,40,150.00%,10,300.00%,4,0.00%,1,1
92606,266.70%,11,25.00%,3,300.00%,4,66.70%,1,3
92610,174.70%,228,69.40%,83,40.00%,49,118.80%,35,16
92612,1133.30%,37,200.00%,3,0.00%,1,0.00%,,
92614,266.70%,22,50.00%,6,33.30%,4,0.00%,3,3
92617,100.00%,2,0.00%,1,0.00%,1,0.00%,,
92618,308.80%,278,223.80%,68,5.00%,21,233.30%,20,6
92620,248.90%,157,136.80%,45,5.60%,19,38.50%,18,13
92624,100.00%,14,75.00%,7,0.00%,4,33.30%,4,3
92625,172.70%,30,83.30%,11,14.30%,6,0.00%,7,7
92626,85.70%,13,16.70%,7,50.00%,6,42.90%,4,7
92627,183.30%,34,140.00%,12,54.50%,5,31.30%,11,16
92629,131.80%,51,69.20%,22,85.70%,13,0.00%,7,7
92630,296.60%,230,114.80%,58,8.00%,27,13.60%,25,22
92637,642.90%,52,250.00%,7,33.30%,2,0.00%,3,3
92646,205.90%,52,30.80%,17,8.30%,13,71.40%,12,7
92647,245.50%,38,83.30%,11,14.30%,6,16.70%,7,6
92648,311.10%,37,28.60%,9,30.00%,7,23.10%,10,13
92649,244.40%,31,0.00%,9,10.00%,9,11.10%,10,9
92651,64.50%,969,26.10%,589,24.50%,467,24.60%,375,301
92653,220.00%,80,66.70%,25,0.00%,15,11.80%,15,17
92655,300.00%,12,50.00%,3,0.00%,2,100.00%,2,1
92656,197.30%,223,82.90%,75,2.40%,41,10.50%,42,38
92657,108.80%,261,21.40%,125,10.80%,103,66.10%,93,56
92660,153.60%,71,64.70%,28,41.70%,17,20.00%,12,10
92661,700.00%,16,50.00%,2,20.00%,4,66.70%,5,3
92662,0.00%,3,200.00%,3,0.00%,1,0.00%,1,1
92663,106.70%,31,66.70%,15,12.50%,9,0.00%,8,8
92672,212.80%,294,104.30%,94,58.60%,46,16.00%,29,25
1,,,,,09302024.,,,,
,,,,,,,,,
,40.30%,449832,20.60%,320572,12.40%,265909,15.40%,236515,204868
92673,284.90%,458,153.20%,119,46.90%,47,18.50%,32,27
92675,196.00%,299,55.40%,101,6.60%,65,15.10%,61,53
92676,4.50%,553,4.30%,579,3.70%,555,15.80%,535,462
92677,147.20%,440,42.40%,178,31.60%,125,25.00%,95,76
92679,54.20%,2186,31.50%,1418,28.30%,1078,90.50%,840,441
92683,371.10%,179,72.70%,38,29.40%,22,5.60%,17,18
92688,296.10%,614,154.10%,155,13.00%,61,25.60%,54,43
92691,283.30%,69,63.60%,18,8.30%,11,25.00%,12,16
92692,264.30%,153,75.00%,42,22.60%,24,14.80%,31,27
92694,317.60%,522,145.10%,125,82.10%,51,75.00%,28,16
92701,34.80%,89,4.80%,66,6.00%,63,13.00%,67,77
92703,35.20%,123,2.20%,91,4.30%,89,0.00%,93,93
92704,87.40%,163,8.70%,87,2.40%,80,2.40%,82,84
92705,112.10%,123,52.60%,58,0.00%,38,72.70%,38,22
92706,91.70%,23,50.00%,12,33.30%,8,0.00%,6,6
92707,45.90%,108,1.30%,74,9.60%,75,8.80%,83,91
92708,255.60%,64,50.00%,18,20.00%,12,7.10%,15,14
92780,566.70%,40,100.00%,6,62.50%,3,14.30%,8,7
92782,209.10%,68,57.10%,22,27.30%,14,120.00%,11,5
92801,134.50%,68,31.80%,29,8.30%,22,7.70%,24,26
92802,91.70%,23,0.00%,12,9.10%,12,15.40%,11,13
92804,129.40%,78,78.90%,34,5.00%,19,13.00%,20,23
92805,160.70%,73,3.40%,28,3.60%,29,27.30%,28,22
92806,342.90%,31,40.00%,7,0.00%,5,37.50%,5,8
92807,175.40%,314,56.20%,114,10.60%,73,53.50%,66,43
92808,347.90%,318,82.10%,71,34.50%,39,141.70%,29,12
92821,106.90%,211,39.70%,102,2.80%,73,26.80%,71,56
92823,81.30%,116,14.30%,64,12.00%,56,22.00%,50,41
92831,95.20%,41,75.00%,21,0.00%,12,0.00%,12,12
92832,75.00%,21,50.00%,12,14.30%,8,50.00%,7,14
92833,125.00%,81,56.50%,36,8.00%,23,4.20%,25,24
92835,78.90%,34,58.30%,19,7.70%,12,7.10%,13,14
92840,360.00%,46,100.00%,10,28.60%,5,12.50%,7,8
92841,616.70%,43,50.00%,6,100.00%,4,0.00%,2,2
92843,300.00%,44,57.10%,11,12.50%,7,20.00%,8,10
92844,340.00%,22,66.70%,5,200.00%,3,0.00%,1,1
92845,600.00%,7,0.00%,1,0.00%,1,0.00%,,
92861,140.00%,12,25.00%,5,33.30%,4,200.00%,3,1
92865,140.00%,12,16.70%,5,20.00%,6,25.00%,5,4
92866,333.30%,13,50.00%,3,33.30%,2,0.00%,3,3
92867,225.70%,114,169.20%,35,44.40%,13,12.50%,9,8
92868,142.90%,17,40.00%,7,66.70%,5,62.50%,3,8
92869,202.90%,103,21.40%,34,27.30%,28,4.30%,22,23
1,,,,,09302024.,,,,
,,,,,,,,,
,40.30%,449832,20.60%,320572,12.40%,265909,15.40%,236515,204868
92870,84.60%,48,73.30%,26,36.40%,15,26.70%,11,15
92886,213.30%,423,51.70%,135,0.00%,89,50.80%,89,59
92887,69.70%,533,29.20%,314,3.80%,243,116.70%,234,108
95602,20.90%,2499,24.40%,2067,7.90%,1662,22.70%,1540,1255
95603,82.30%,1559,24.80%,855,1.50%,685,59.60%,675,423
95631,1.20%,1558,3.10%,1539,4.80%,1493,36.50%,1425,1044
95648,101.30%,161,77.80%,80,7.10%,45,90.90%,42,22
95650,81.50%,501,74.70%,276,23.40%,158,62.00%,128,79
95658,111.30%,469,65.70%,222,14.50%,134,39.30%,117,84
95661,125.00%,9,100.00%,4,0.00%,2,0.00%,2,
95663,120.50%,86,143.80%,39,0.00%,16,77.80%,16,9
95677,366.70%,42,200.00%,9,50.00%,3,0.00%,2,2
95678,400.00%,15,50.00%,3,50.00%,2,300.00%,4,1
95681,433.30%,16,0.00%,3,50.00%,3,0.00%,2,
95701,14.60%,267,8.40%,233,4.90%,215,13.30%,205,181
95703,9.00%,339,16.50%,311,6.40%,267,54.00%,251,163
95713,18.30%,1717,3.70%,1451,2.50%,1399,47.40%,1365,926
95714,19.00%,100,12.00%,84,7.10%,75,1.40%,70,69
95715,8.80%,73,12.70%,80,4.40%,71,19.30%,68,57
95717,17.50%,47,0.00%,40,14.30%,40,16.70%,35,30
95722,7.50%,1233,19.50%,1147,8.70%,960,46.20%,883,604
95724,78.10%,57,10.30%,32,38.10%,29,50.00%,21,14
95736,0.00%,17,0.00%,,0.00%,,0.00%,,
95746,100.80%,474,62.80%,236,59.30%,145,65.50%,91,55
95747,127.30%,25,450.00%,11,50.00%,2,300.00%,4,1
95765,400.00%,15,200.00%,3,0.00%,1,0.00%,1,
96140,16.40%,660,38.60%,567,54.90%,409,92.70%,264,137
96141,55.30%,494,56.70%,318,31.00%,203,49.00%,155,104
96143,19.30%,549,15.90%,460,24.80%,397,59.80%,318,199
96145,26.20%,1304,14.30%,1033,12.30%,904,67.40%,805,481
96146,16.30%,735,14.10%,632,11.00%,554,56.90%,499,318
96148,23.70%,423,50.00%,342,34.90%,228,87.80%,169,90
95915,100.00%,2,0.00%,1,0.00%,1,0.00%,1,
95923,13.80%,66,26.10%,58,2.10%,46,38.20%,47,34
95934,0.00%,12,71.40%,12,12.50%,7,14.30%,8,7
95947,38.80%,93,28.80%,67,13.30%,52,39.50%,60,43
95956,10.60%,73,20.00%,66,25.00%,55,33.30%,44,33
95971,37.40%,529,54.60%,385,18.00%,249,47.60%,211,143
95983,11.40%,39,34.60%,35,8.30%,26,4.30%,24,23
95984,17.40%,19,0.00%,23,9.50%,23,40.00%,21,15
96020,25.30%,287,50.70%,229,6.20%,152,28.60%,162,126
96063,22.60%,76,12.70%,62,19.60%,55,84.00%,46,25
96103,25.30%,530,37.30%,423,16.70%,308,21.10%,264,218
1,,,,,09302024.,,,,
,,,,,,,,,
,40.30%,449832,20.60%,320572,12.40%,265909,15.40%,236515,204868
96105,39.30%,39,21.70%,28,4.50%,23,37.50%,22,16
96106,11.00%,111,25.00%,100,17.60%,80,17.20%,68,58
96122,33.40%,511,45.60%,383,14.80%,263,26.50%,229,181
96129,40.00%,14,150.00%,10,0.00%,4,0.00%,4,4
96137,13.90%,926,33.30%,813,12.50%,610,27.50%,542,425
91752,101.00%,199,30.30%,99,2.70%,76,5.70%,74,70
92201,203.60%,85,7.70%,28,7.10%,26,0.00%,28,28
92203,223.10%,42,30.00%,13,25.00%,10,11.10%,8,9
92210,385.70%,34,40.00%,7,150.00%,5,60.00%,2,5
92211,875.00%,39,100.00%,4,33.30%,2,50.00%,3,2
92220,99.20%,753,45.40%,378,39.00%,260,12.00%,187,167
92223,97.00%,1269,60.20%,644,42.00%,402,29.20%,283,219
92225,184.20%,108,72.70%,38,22.20%,22,12.50%,18,16
92230,66.10%,103,67.60%,62,164.30%,37,16.70%,14,12
92234,495.70%,137,9.50%,23,12.50%,21,20.00%,24,30
92236,135.70%,33,17.60%,14,10.50%,17,9.50%,19,21
92239,500.00%,6,0.00%,1,0.00%,,0.00%,,
92240,179.70%,193,43.80%,69,5.90%,48,7.30%,51,55
92241,250.00%,119,61.90%,34,31.30%,21,0.00%,16,16
92253,360.00%,69,36.40%,15,10.00%,11,28.60%,10,14
92254,45.50%,16,37.50%,11,33.30%,8,0.00%,6,6
92258,300.00%,8,0.00%,2,0.00%,2,0.00%,2,2
92260,370.80%,113,26.30%,24,58.30%,19,20.00%,12,15
92262,246.40%,97,64.70%,28,6.30%,17,0.00%,16,16
92264,461.50%,146,85.70%,26,40.00%,14,0.00%,10,10
92270,295.00%,79,100.00%,20,0.00%,10,16.70%,10,12
92274,116.70%,52,41.20%,24,13.30%,17,6.30%,15,16
92276,95.70%,45,9.50%,23,8.70%,21,15.00%,23,20
92282,47.10%,75,24.40%,51,5.10%,41,11.40%,39,35
92320,67.50%,573,93.20%,342,88.30%,177,54.10%,94,61
92501,58.10%,68,53.60%,43,6.70%,28,3.40%,30,29
92503,162.30%,850,55.80%,324,14.90%,208,28.40%,181,141
92504,159.50%,327,50.00%,126,12.00%,84,8.70%,75,69
92505,180.90%,250,78.00%,89,2.00%,50,0.00%,51,51
92506,273.80%,385,77.60%,103,38.10%,58,10.50%,42,38
92507,169.30%,404,94.80%,150,6.10%,77,7.90%,82,76
92508,289.30%,218,124.00%,56,8.70%,25,11.50%,23,26
92509,97.30%,588,23.10%,298,12.60%,242,7.00%,215,201
92518,0.00%,1,0.00%,1,0.00%,,0.00%,,
92530,79.20%,1625,50.90%,907,29.50%,601,30.30%,464,356
92532,121.40%,839,56.60%,379,23.50%,242,78.20%,196,110
92536,52.40%,500,21.50%,328,45.90%,270,55.50%,185,119
92539,32.40%,630,24.00%,476,29.30%,384,42.80%,297,208
1,,,,,09302024.,,,,
,,,,,,,,,
,40.30%,449832,20.60%,320572,12.40%,265909,15.40%,236515,204868
92543,187.20%,359,47.10%,125,11.80%,85,18.80%,76,64
92544,83.40%,1091,36.80%,595,16.90%,435,27.80%,372,291
92545,173.40%,607,43.20%,222,15.70%,155,54.00%,134,87
92548,107.60%,328,37.40%,158,30.70%,115,60.00%,88,55
92549,2.50%,2548,5.90%,2487,22.50%,2348,20.70%,1917,1588
92551,197.30%,220,29.80%,74,9.50%,57,4.50%,63,66
92553,137.30%,363,30.80%,153,4.10%,117,4.30%,122,117
92555,201.30%,717,81.70%,238,22.40%,131,13.80%,107,94
92557,139.60%,690,65.50%,288,25.20%,174,21.90%,139,114
92561,34.10%,354,23.90%,264,38.30%,213,43.90%,154,107
92562,62.90%,1789,42.00%,1098,39.30%,773,43.00%,555,388
92563,217.30%,606,72.10%,191,19.40%,111,66.10%,93,56
92567,83.60%,303,38.70%,165,40.00%,119,66.70%,85,51
92570,80.10%,1940,49.00%,1077,31.90%,723,34.60%,548,407
92571,111.80%,430,26.10%,203,1.30%,161,2.60%,159,155
92582,100.00%,156,27.90%,78,52.50%,61,5.30%,40,38
92583,188.90%,338,51.90%,117,14.90%,77,13.60%,67,59
92584,146.30%,633,46.90%,257,43.40%,175,100.00%,122,61
92585,247.20%,250,63.60%,72,41.90%,44,14.80%,31,27
92586,515.80%,234,81.00%,38,50.00%,21,0.00%,14,14
92587,160.70%,584,107.40%,224,12.50%,108,50.00%,96,64
92590,17.60%,408,30.90%,347,74.30%,265,49.00%,152,102
92591,206.00%,153,31.60%,50,90.00%,38,42.90%,20,14
92592,100.80%,1313,38.00%,654,83.70%,474,61.30%,258,160
92595,72.20%,1212,132.30%,704,21.20%,303,64.50%,250,152
92596,229.40%,336,59.40%,102,52.40%,64,55.60%,42,27
92860,275.00%,195,67.70%,52,3.30%,31,25.00%,30,40
92879,113.10%,228,30.50%,107,7.90%,82,4.10%,76,73
92880,238.50%,440,58.50%,130,6.50%,82,11.60%,77,69
92881,206.70%,365,70.00%,119,16.70%,70,46.30%,60,41
92882,112.30%,1225,77.50%,577,28.50%,325,27.80%,253,198
92883,132.60%,1433,102.60%,616,58.30%,304,97.90%,192,97
95608,162.50%,21,20.00%,8,66.70%,10,40.00%,6,10
95610,128.60%,16,133.30%,7,25.00%,3,33.30%,4,3
95615,0.00%,,0.00%,,0.00%,,0.00%,,
95621,50.00%,12,60.00%,8,150.00%,5,0.00%,2,2
95624,314.30%,29,250.00%,7,0.00%,2,33.30%,2,3
95626,42.90%,10,133.30%,7,200.00%,3,50.00%,1,2
95628,170.00%,27,150.00%,10,50.00%,4,300.00%,8,2
95630,550.00%,143,266.70%,22,25.00%,6,100.00%,8,4
95632,66.70%,15,80.00%,9,400.00%,5,0.00%,1,1
95638,40.00%,7,0.00%,5,25.00%,5,300.00%,4,1
95641,33.30%,8,20.00%,6,16.70%,5,20.00%,6,5
1,,,,,09302024.,,,,
,,,,,,,,,
,40.30%,449832,20.60%,320572,12.40%,265909,15.40%,236515,204868
95655,0.00%,1,0.00%,,0.00%,,0.00%,,
95660,128.60%,16,16.70%,7,40.00%,6,42.90%,10,7
95662,200.00%,21,600.00%,7,0.00%,1,100.00%,,1
95670,328.60%,30,250.00%,7,50.00%,2,300.00%,4,1
95673,100.00%,22,10.00%,11,11.10%,10,12.50%,9,8
95683,100.00%,32,220.00%,16,25.00%,5,100.00%,4,2
95690,50.00%,6,33.30%,4,50.00%,3,100.00%,2,1
95693,380.00%,24,66.70%,5,40.00%,3,66.70%,5,3
95742,180.00%,14,0.00%,5,0.00%,,100.00%,,1
95757,550.00%,13,33.30%,2,0.00%,3,50.00%,3,2
95758,733.30%,25,200.00%,3,0.00%,1,50.00%,1,2
95811,40.00%,14,42.90%,10,16.70%,7,0.00%,6,6
95814,20.00%,6,25.00%,5,0.00%,4,0.00%,4,4
95815,51.90%,41,3.60%,27,3.40%,28,58.60%,29,70
95816,44.40%,26,63.60%,18,10.00%,11,23.10%,10,13
95817,11.80%,19,26.10%,17,4.20%,23,0.00%,24,24
95818,18.20%,26,10.00%,22,5.30%,20,0.00%,19,19
95819,42.90%,10,40.00%,7,16.70%,5,100.00%,6,3
95820,62.50%,39,14.30%,24,3.70%,28,34.10%,27,41
95821,50.00%,18,33.30%,12,28.60%,9,50.00%,7,14
95822,70.00%,34,0.00%,20,0.00%,20,20.00%,20,25
95823,333.30%,39,0.00%,9,18.20%,9,10.00%,11,10
95824,171.40%,19,30.00%,7,0.00%,10,33.30%,10,15
95825,250.00%,7,0.00%,2,33.30%,2,0.00%,3,3
95826,80.00%,9,150.00%,5,50.00%,2,33.30%,4,6
95827,240.00%,17,25.00%,5,33.30%,4,200.00%,3,1
95828,363.60%,51,83.30%,11,0.00%,6,14.30%,6,7
95829,100.00%,24,100.00%,12,14.30%,6,22.20%,7,9
95830,100.00%,2,0.00%,1,0.00%,,0.00%,,
95831,120.00%,11,66.70%,5,50.00%,3,50.00%,2,4
95832,350.00%,9,50.00%,2,100.00%,4,0.00%,2,2
95833,185.70%,20,12.50%,7,11.10%,8,30.80%,9,13
95834,0.00%,8,100.00%,,66.70%,1,50.00%,3,2
95835,700.00%,8,0.00%,1,0.00%,,0.00%,,
95837,0.00%,1,0.00%,,0.00%,,0.00%,,
95838,61.50%,63,2.50%,39,11.10%,40,25.00%,45,60
95841,266.70%,11,50.00%,3,0.00%,2,33.30%,2,3
95842,114.30%,15,75.00%,7,100.00%,4,50.00%,2,4
95843,300.00%,8,100.00%,2,0.00%,1,100.00%,,2
95864,550.00%,13,0.00%,2,100.00%,,33.30%,2,3
95023,115.20%,99,17.90%,46,17.00%,39,88.00%,47,25
95043,3.70%,52,38.50%,54,44.40%,39,107.70%,27,13
95045,76.70%,53,11.10%,30,12.50%,27,50.00%,24,16
1,,,,,09302024.,,,,
,,,,,,,,,
,40.30%,449832,20.60%,320572,12.40%,265909,15.40%,236515,204868
95075,42.90%,10,250.00%,7,0.00%,2,0.00%,,
91701,115.90%,190,54.40%,88,29.50%,57,2.20%,44,45
91708,266.70%,33,28.60%,9,0.00%,7,16.70%,7,6
91709,78.90%,1692,34.20%,946,19.50%,705,22.40%,590,482
91710,72.40%,181,34.60%,105,10.30%,78,8.70%,87,80
91730,112.20%,87,10.80%,41,2.60%,37,13.60%,38,44
91737,83.90%,228,27.80%,124,7.80%,97,7.10%,90,84
91739,99.30%,269,60.70%,135,7.70%,84,32.20%,78,59
91759,6.20%,138,10.20%,130,13.50%,118,6.30%,104,111
91761,98.00%,202,27.50%,102,1.20%,80,4.70%,81,85
91762,97.80%,178,36.40%,90,8.30%,66,6.50%,72,77
91763,58.30%,95,20.00%,60,0.00%,50,0.00%,50,50
91764,60.00%,160,20.50%,100,5.70%,83,6.00%,88,83
91784,78.80%,202,28.40%,113,17.30%,88,19.00%,75,63
91786,114.30%,105,28.90%,49,2.60%,38,4.90%,39,41
92242,414.30%,36,16.70%,7,14.30%,6,0.00%,7,7
92252,120.20%,185,58.50%,84,17.80%,53,0.00%,45,45
92256,109.10%,138,69.20%,66,11.40%,39,12.50%,35,40
92267,1000.00%,22,100.00%,2,0.00%,1,0.00%,1,
92268,11.30%,59,71.00%,53,0.00%,31,0.00%,,
92277,128.60%,160,66.70%,70,23.60%,42,41.00%,55,39
92280,400.00%,5,0.00%,1,0.00%,1,50.00%,1,2
92284,140.40%,387,140.30%,161,34.30%,67,7.40%,102,95
92285,18.80%,82,23.20%,69,1.80%,56,1.80%,55,56
92301,140.10%,353,53.10%,147,2.00%,96,2.10%,98,96
92304,0.00%,,0.00%,,0.00%,,100.00%,,1
92305,5.30%,276,6.90%,262,9.90%,245,8.80%,223,205
92307,201.00%,295,71.90%,98,0.00%,57,13.60%,57,66
92308,200.90%,328,34.60%,109,28.60%,81,10.50%,63,57
92309,0.00%,3,200.00%,3,0.00%,1,0.00%,,
92311,142.60%,131,8.00%,54,11.10%,50,6.30%,45,48
92313,213.60%,138,100.00%,44,12.00%,22,38.90%,25,18
92314,4.40%,4872,10.50%,4668,29.10%,4226,20.50%,3274,2718
92315,3.80%,5175,10.20%,4987,22.90%,4524,33.40%,3681,2760
92316,59.60%,233,15.90%,146,0.00%,126,5.00%,126,120
92317,5.40%,136,3.20%,129,6.80%,125,17.00%,117,100
92318,0.00%,4,0.00%,,100.00%,,0.00%,1,
92321,0.40%,260,12.00%,261,1.30%,233,43.80%,230,160
92322,4.90%,467,2.10%,491,4.80%,481,28.60%,459,357
92324,80.60%,670,30.20%,371,8.40%,285,15.40%,263,228
92325,1.70%,4044,3.40%,4115,9.00%,3978,20.30%,3650,3035
92327,50.00%,3,0.00%,2,0.00%,,100.00%,,1
92332,0.00%,,0.00%,,0.00%,,0.00%,,
1,,,,,09302024.,,,,
,,,,,,,,,
,40.30%,449832,20.60%,320572,12.40%,265909,15.40%,236515,204868
92333,6.20%,635,8.50%,598,16.00%,551,12.60%,475,422
92335,44.70%,421,13.20%,291,5.90%,257,3.90%,273,284
92336,155.50%,534,34.00%,209,6.00%,156,1.80%,166,163
92337,97.00%,264,38.10%,134,5.80%,97,6.20%,103,97
92338,0.00%,1,0.00%,,0.00%,,0.00%,,
92339,5.00%,445,6.50%,424,16.00%,398,15.50%,343,297
92341,4.30%,649,9.30%,622,13.80%,569,15.50%,500,433
92342,144.40%,44,38.50%,18,7.10%,13,7.70%,14,13
92344,54.70%,727,31.30%,470,33.60%,358,46.40%,268,183
92345,147.70%,686,41.30%,277,5.90%,196,6.90%,185,173
92346,148.00%,630,62.80%,254,19.10%,156,12.00%,131,117
92347,160.00%,13,66.70%,5,50.00%,3,0.00%,2,2
92352,0.20%,6293,5.10%,6304,13.50%,5999,25.00%,5284,4227
92354,241.50%,222,66.70%,65,8.30%,39,24.10%,36,29
92356,73.00%,109,12.50%,63,16.70%,56,29.70%,48,37
92358,4.40%,213,13.30%,204,2.90%,180,6.70%,175,164
92359,65.10%,317,44.40%,192,47.80%,133,30.40%,90,69
92363,131.60%,44,90.00%,19,16.70%,10,9.10%,12,11
92364,50.00%,1,0.00%,2,100.00%,2,0.00%,1,1
92365,94.40%,35,5.90%,18,21.40%,17,6.70%,14,15
92368,225.00%,13,33.30%,4,25.00%,3,100.00%,4,2
92371,59.30%,892,63.70%,560,31.00%,342,29.90%,261,201
92372,59.80%,398,59.60%,249,79.30%,156,42.60%,87,61
92373,56.80%,776,42.70%,495,38.20%,347,29.40%,251,194
92374,153.30%,233,39.40%,92,15.80%,66,5.60%,57,54
92376,45.10%,354,10.40%,244,0.00%,221,7.50%,221,239
92377,141.00%,147,45.20%,61,2.30%,42,2.40%,43,42
92378,5.30%,180,13.20%,171,8.60%,151,18.80%,139,117
92382,3.10%,2560,7.50%,2482,15.60%,2309,10.70%,1997,1804
92385,11.40%,117,7.10%,105,12.60%,98,31.80%,87,66
92386,10.80%,1756,7.10%,1585,21.90%,1480,13.50%,1214,1070
92391,5.80%,932,6.10%,881,6.70%,830,26.50%,778,615
92392,179.10%,441,51.90%,158,7.10%,104,7.70%,112,104
92394,159.50%,205,27.40%,79,1.60%,62,11.30%,63,71
92395,128.20%,235,6.20%,103,3.00%,97,7.50%,100,93
92397,9.90%,1572,25.50%,1431,39.00%,1140,28.70%,820,637
92398,116.70%,13,50.00%,6,20.00%,4,25.00%,5,4
92399,46.40%,1861,32.70%,1271,33.20%,958,34.90%,719,533
92401,18.20%,9,21.40%,11,7.70%,14,13.30%,13,15
92404,49.20%,631,36.00%,423,7.70%,311,1.50%,337,332
92405,44.40%,348,6.60%,241,1.70%,226,6.90%,230,247
92407,61.60%,1107,27.30%,685,4.10%,538,7.00%,517,483
92408,53.10%,98,4.50%,64,6.90%,67,5.30%,72,76
1,,,,,09302024.,,,,
,,,,,,,,,
,40.30%,449832,20.60%,320572,12.40%,265909,15.40%,236515,204868
92410,33.80%,396,1.40%,296,8.50%,292,1.80%,319,325
92411,17.50%,242,0.50%,206,4.20%,205,4.00%,214,223
93558,0.00%,1,0.00%,,0.00%,,0.00%,,
93562,233.30%,10,50.00%,3,60.00%,2,25.00%,5,4
91901,13.60%,2430,26.90%,2140,39.80%,1686,25.40%,1206,962
91902,106.10%,68,50.00%,33,15.80%,22,29.60%,19,27
91905,34.90%,201,30.70%,149,21.30%,114,30.60%,94,72
91906,29.10%,413,35.00%,320,50.00%,237,22.50%,158,129
91910,293.90%,130,120.00%,33,34.80%,15,27.80%,23,18
91911,362.50%,111,60.00%,24,6.30%,15,6.70%,16,15
91913,297.10%,139,105.90%,35,41.70%,17,50.00%,12,8
91914,223.90%,217,116.10%,67,55.00%,31,42.90%,20,14
91915,711.80%,138,70.00%,17,66.70%,10,14.30%,6,7
91916,0.80%,385,13.50%,388,36.30%,342,14.10%,251,220
91917,11.80%,76,7.90%,68,12.50%,63,21.70%,56,46
91931,0.00%,72,0.00%,,0.00%,,0.00%,,
91932,222.20%,29,28.60%,9,0.00%,7,40.00%,7,5
91934,29.20%,31,26.30%,24,46.20%,19,13.30%,13,15
91935,15.00%,1330,19.40%,1157,25.70%,969,13.40%,771,680
91941,203.40%,88,31.80%,29,37.50%,22,14.30%,16,14
91942,633.30%,44,14.30%,6,75.00%,7,20.00%,4,5
91945,135.30%,40,41.70%,17,25.00%,12,0.00%,16,16
91950,160.00%,65,13.60%,25,15.40%,22,25.70%,26,35
91962,8.20%,407,15.30%,376,2.50%,326,8.90%,318,292
91963,13.20%,77,19.30%,68,21.30%,57,17.50%,47,40
91977,224.00%,311,43.30%,96,21.80%,67,14.60%,55,48
91978,83.00%,247,51.70%,135,39.10%,89,12.30%,64,57
91980,0.00%,4,100.00%,4,33.30%,2,25.00%,3,4
92003,87.60%,272,81.30%,145,100.00%,80,110.50%,40,19
92004,123.80%,47,0.00%,21,10.50%,21,58.30%,19,12
92007,366.70%,28,100.00%,6,0.00%,3,100.00%,,2
92008,172.40%,79,31.80%,29,15.80%,22,46.20%,19,13
92009,315.10%,440,100.00%,106,6.00%,53,42.90%,50,35
92010,284.00%,96,108.30%,25,20.00%,12,42.90%,10,7
92011,493.80%,95,33.30%,16,14.30%,12,180.00%,14,5
92014,183.70%,122,65.40%,43,62.50%,26,33.30%,16,12
92019,112.60%,1033,59.90%,486,44.80%,304,32.90%,210,158
92020,356.00%,114,92.30%,25,8.30%,13,9.10%,12,11
92021,80.70%,1068,72.80%,591,57.60%,342,41.80%,217,153
92024,170.00%,324,42.90%,120,20.00%,84,112.10%,70,33
92025,80.20%,337,47.20%,187,46.00%,127,52.60%,87,57
92026,54.80%,1763,44.00%,1139,56.90%,791,38.10%,504,365
92027,87.40%,806,96.30%,430,22.30%,219,65.70%,179,108
1,,,,,09302024.,,,,
,,,,,,,,,
,40.30%,449832,20.60%,320572,12.40%,265909,15.40%,236515,204868
92028,57.00%,2560,67.10%,1631,58.70%,976,37.90%,615,446
92029,60.50%,682,22.10%,425,10.10%,348,67.20%,316,189
92036,8.10%,966,18.30%,894,18.90%,756,24.20%,636,512
92037,123.40%,210,36.20%,94,9.50%,69,14.50%,63,55
92040,86.50%,927,49.70%,497,49.50%,332,12.70%,222,197
92054,220.00%,96,130.80%,30,8.30%,13,9.10%,12,11
92055,0.00%,1,0.00%,,0.00%,,0.00%,,
92056,413.90%,185,100.00%,36,28.60%,18,27.30%,14,11
92057,258.70%,391,113.70%,109,96.20%,51,36.80%,26,19
92058,403.00%,166,83.30%,33,38.50%,18,116.70%,13,6
92059,3.40%,84,22.50%,87,52.70%,71,19.00%,150,126
92060,19.80%,127,16.50%,106,0.00%,91,0.00%,,
92061,33.10%,229,68.60%,172,92.50%,102,32.50%,53,40
92064,109.80%,835,53.70%,398,27.00%,259,45.70%,204,140
92065,31.60%,2701,31.60%,2052,25.40%,1559,27.60%,1243,974
92066,20.00%,30,4.20%,25,4.30%,24,21.10%,23,19
92067,78.50%,441,28.60%,247,10.30%,192,241.20%,174,51
92069,114.20%,437,29.90%,204,4.00%,157,31.30%,151,115
92070,1.60%,125,11.40%,127,35.70%,114,58.50%,84,53
92071,214.40%,591,141.00%,188,62.50%,78,71.40%,48,28
92075,331.30%,69,128.60%,16,0.00%,7,250.00%,7,2
92078,148.90%,799,40.80%,321,35.70%,228,30.20%,168,129
92081,189.30%,81,40.00%,28,25.00%,20,100.00%,16,8
92082,39.20%,2207,65.80%,1585,112.40%,956,36.80%,450,329
92083,126.90%,59,85.70%,26,0.00%,14,27.30%,14,11
92084,59.30%,768,29.60%,482,24.00%,372,88.70%,300,159
92086,6.40%,351,4.10%,330,23.30%,317,40.40%,257,183
92091,74.00%,87,16.30%,50,34.40%,43,60.00%,32,20
92101,105.00%,41,25.00%,20,0.00%,16,11.10%,16,18
92102,17.80%,185,4.30%,157,10.40%,164,7.10%,183,197
92103,74.00%,127,30.40%,73,3.70%,56,20.60%,54,68
92104,33.80%,91,3.00%,68,0.00%,66,7.00%,66,71
92105,69.30%,303,0.60%,179,10.10%,178,5.70%,198,210
92106,154.50%,28,0.00%,11,10.00%,11,9.10%,10,11
92107,44.40%,65,7.10%,45,5.00%,42,4.80%,40,42
92108,800.00%,45,0.00%,5,66.70%,5,50.00%,3,2
92109,93.90%,64,13.80%,33,9.40%,29,11.10%,32,36
92110,70.80%,41,9.10%,24,0.00%,22,15.40%,22,26
92111,378.60%,134,16.70%,28,0.00%,24,0.00%,24,24
92113,6.70%,256,4.40%,240,10.40%,251,8.50%,280,306
92114,49.00%,149,7.50%,100,10.60%,93,11.90%,104,118
92115,178.20%,153,34.10%,55,5.10%,41,4.90%,39,41
92116,87.60%,182,26.00%,97,1.30%,77,1.30%,78,77
1,,,,,09302024.,,,,
,,,,,,,,,
,40.30%,449832,20.60%,320572,12.40%,265909,15.40%,236515,204868
92117,266.70%,154,44.80%,42,0.00%,29,0.00%,29,29
92118,240.00%,17,66.70%,5,50.00%,3,33.30%,2,3
92119,255.60%,256,105.70%,72,16.70%,35,50.00%,30,20
92120,151.00%,246,50.80%,98,6.60%,65,24.50%,61,49
92121,238.90%,61,50.00%,18,33.30%,12,50.00%,9,6
92122,326.30%,81,90.00%,19,16.70%,10,33.30%,12,9
92123,177.30%,61,120.00%,22,0.00%,10,11.10%,10,9
92124,264.90%,281,113.90%,77,12.20%,36,36.70%,41,30
92126,229.20%,395,57.90%,120,22.60%,76,34.80%,62,46
92127,261.20%,661,96.80%,183,45.30%,93,68.40%,64,38
92128,217.90%,356,100.00%,112,1.80%,56,61.80%,55,34
92129,155.40%,756,37.00%,296,5.90%,216,131.80%,204,88
92130,238.20%,531,63.50%,157,9.10%,96,114.60%,88,41
92131,82.00%,859,25.90%,472,15.00%,375,13.20%,326,288
92139,75.00%,42,9.10%,24,10.00%,22,4.80%,20,21
92154,300.00%,196,36.10%,49,12.50%,36,28.00%,32,25
92173,25.00%,25,0.00%,20,17.60%,20,13.30%,17,15
94102,50.00%,9,20.00%,6,28.60%,5,40.00%,7,5
94103,81.80%,20,22.20%,11,0.00%,9,25.00%,9,12
94105,200.00%,9,200.00%,3,0.00%,1,0.00%,1,
94107,77.80%,16,10.00%,9,25.00%,10,20.00%,8,10
94108,300.00%,4,0.00%,1,0.00%,1,0.00%,1,1
94109,136.40%,26,37.50%,11,14.30%,8,12.50%,7,8
94110,125.00%,108,7.70%,48,14.80%,52,6.20%,61,65
94111,100.00%,2,0.00%,1,0.00%,1,0.00%,1,
94112,415.60%,165,23.10%,32,18.80%,26,0.00%,32,32
94114,250.00%,56,33.30%,16,7.70%,12,18.20%,13,11
94115,72.20%,31,80.00%,18,9.10%,10,0.00%,11,11
94116,390.90%,54,0.00%,11,10.00%,11,11.10%,10,9
94117,84.60%,48,30.00%,26,16.70%,20,7.70%,24,26
94118,194.70%,56,0.00%,19,11.80%,19,13.30%,17,15
94121,300.00%,60,25.00%,15,9.10%,12,22.20%,11,9
94122,285.70%,81,40.00%,21,11.80%,15,10.50%,17,19
94123,129.40%,39,13.30%,17,36.40%,15,0.00%,11,11
94124,77.10%,62,9.40%,35,0.00%,32,11.10%,32,36
94127,750.00%,51,50.00%,6,0.00%,4,33.30%,4,6
94129,0.00%,,0.00%,,0.00%,,0.00%,,
94130,0.00%,1,0.00%,1,0.00%,1,0.00%,1,1
94131,189.50%,55,46.20%,19,7.10%,13,17.60%,14,17
94132,287.50%,31,11.10%,8,0.00%,9,50.00%,9,6
94133,60.00%,24,0.00%,15,7.10%,15,0.00%,14,14
94134,371.40%,66,0.00%,14,17.60%,14,5.60%,17,18
94158,0.00%,5,0.00%,5,66.70%,5,50.00%,3,6
1,,,,,09302024.,,,,
,,,,,,,,,
,40.30%,449832,20.60%,320572,12.40%,265909,15.40%,236515,204868
95202,35.70%,19,7.70%,14,18.20%,13,8.30%,11,12
95203,31.40%,67,1.90%,51,1.90%,52,11.70%,53,60
95204,38.20%,47,21.40%,34,7.70%,28,13.30%,26,30
95205,31.70%,133,3.80%,101,5.40%,105,0.00%,111,111
95206,24.10%,108,3.60%,87,5.60%,84,3.30%,89,92
95207,100.00%,34,70.00%,17,11.10%,10,10.00%,9,10
95209,87.50%,15,0.00%,8,11.10%,8,0.00%,9,9
95210,157.10%,18,16.70%,7,14.30%,6,22.20%,7,9
95212,233.30%,20,100.00%,6,25.00%,3,0.00%,4,4
95215,90.60%,61,11.10%,32,2.90%,36,27.10%,35,48
95219,200.00%,15,0.00%,5,16.70%,5,0.00%,6,6
95220,50.00%,9,50.00%,6,300.00%,4,50.00%,1,2
95227,0.00%,5,0.00%,,0.00%,,0.00%,,
95230,150.00%,10,33.30%,4,25.00%,3,33.30%,4,3
95231,133.30%,7,200.00%,3,0.00%,1,50.00%,1,2
95236,0.00%,4,0.00%,4,0.00%,,0.00%,,
95237,200.00%,3,0.00%,1,0.00%,,0.00%,,
95240,216.70%,19,0.00%,6,50.00%,6,33.30%,4,3
95242,166.70%,8,50.00%,3,0.00%,2,33.30%,2,3
95258,200.00%,3,0.00%,1,0.00%,1,0.00%,1,1
95304,175.00%,11,33.30%,4,50.00%,3,60.00%,2,5
95320,44.40%,10,260.00%,18,66.70%,5,0.00%,3,3
95330,800.00%,9,50.00%,1,0.00%,2,100.00%,,2
95336,433.30%,32,50.00%,6,0.00%,4,33.30%,4,3
95337,53.30%,23,50.00%,15,9.10%,10,22.20%,11,9
95366,100.00%,2,0.00%,1,50.00%,1,0.00%,2,2
95376,320.00%,21,66.70%,5,0.00%,3,0.00%,3,3
95377,57.10%,22,55.60%,14,18.20%,9,0.00%,11,11
95391,0.00%,13,0.00%,,0.00%,,0.00%,,
93401,87.00%,230,57.70%,123,23.80%,78,23.50%,63,51
93402,75.50%,86,53.10%,49,45.50%,32,100.00%,22,11
93405,121.70%,204,87.80%,92,14.00%,49,62.90%,57,35
93420,51.50%,312,48.20%,206,52.70%,139,51.70%,91,60
93422,101.10%,525,47.50%,261,65.40%,177,25.90%,107,85
93424,92.50%,102,140.90%,53,0.00%,22,0.00%,,
93428,40.60%,239,31.80%,170,67.50%,129,54.00%,77,50
93430,33.30%,36,17.40%,27,53.30%,23,25.00%,15,12
93432,24.10%,72,18.40%,58,2.00%,49,66.70%,50,30
93433,300.00%,12,0.00%,3,200.00%,3,0.00%,1,1
93435,50.00%,1,100.00%,2,0.00%,1,0.00%,1,1
93442,108.70%,48,35.30%,23,183.30%,17,20.00%,6,5
93444,118.20%,72,43.50%,33,0.00%,23,43.80%,23,16
93445,700.00%,8,0.00%,1,0.00%,,100.00%,,1
1,,,,,09302024.,,,,
,,,,,,,,,
,40.30%,449832,20.60%,320572,12.40%,265909,15.40%,236515,204868
93446,61.80%,513,60.90%,317,56.30%,197,28.60%,126,98
93449,342.90%,124,115.40%,28,44.40%,13,18.20%,9,11
93451,41.70%,68,26.30%,48,72.70%,38,83.30%,22,12
93452,7.70%,12,8.30%,13,71.40%,12,0.00%,7,7
93453,13.20%,163,26.30%,144,3.60%,114,48.60%,110,74
93461,0.00%,3,0.00%,3,0.00%,3,50.00%,3,2
93465,82.00%,111,64.90%,61,85.00%,37,122.20%,20,9
94002,205.60%,55,38.50%,18,44.40%,13,28.60%,9,7
94005,56.30%,25,23.10%,16,160.00%,13,25.00%,5,4
94010,140.50%,190,58.00%,79,61.30%,50,10.70%,31,28
94014,268.20%,81,100.00%,22,8.30%,11,71.40%,12,7
94015,88.20%,32,88.90%,17,0.00%,9,12.50%,9,8
94018,0.00%,14,0.00%,,0.00%,,0.00%,,
94019,42.70%,117,43.90%,82,14.00%,57,85.20%,50,27
94020,9.80%,101,13.60%,92,37.30%,81,31.10%,59,45
94021,3.80%,27,8.30%,26,50.00%,24,128.60%,16,7
94025,164.70%,45,54.50%,17,22.20%,11,12.50%,9,8
94027,160.00%,39,200.00%,15,44.40%,5,80.00%,9,5
94028,84.20%,221,66.70%,120,26.30%,72,29.50%,57,44
94030,229.40%,56,183.30%,17,20.00%,6,66.70%,5,3
94037,61.50%,21,18.20%,13,22.20%,11,50.00%,9,6
94038,44.40%,13,200.00%,9,200.00%,3,50.00%,1,2
94044,98.10%,212,25.90%,107,16.40%,85,28.10%,73,57
94060,2.10%,97,15.90%,95,41.40%,82,56.80%,58,37
94061,357.10%,32,133.30%,7,200.00%,3,0.00%,1,
94062,38.70%,369,43.80%,266,65.20%,185,40.00%,112,80
94063,60.00%,16,66.70%,10,25.00%,6,14.30%,8,7
94065,100.00%,2,0.00%,1,0.00%,,0.00%,,
94066,469.20%,74,225.00%,13,0.00%,4,20.00%,4,5
94070,89.10%,87,109.10%,46,37.50%,22,77.80%,16,9
94074,10.00%,22,53.80%,20,62.50%,13,20.00%,8,10
94080,310.00%,41,150.00%,10,100.00%,4,0.00%,2,2
94128,100.00%,,0.00%,1,0.00%,,0.00%,,
94303,123.10%,29,18.80%,13,23.80%,16,16.70%,21,18
94401,271.40%,26,40.00%,7,16.70%,5,0.00%,6,6
94402,173.90%,63,76.90%,23,62.50%,13,100.00%,8,4
94403,85.70%,26,1300.00%,14,0.00%,1,0.00%,,
94404,233.30%,10,50.00%,3,100.00%,2,50.00%,1,2
93013,34.90%,228,17.40%,169,46.90%,144,145.00%,98,40
93067,182.40%,48,88.90%,17,28.60%,9,600.00%,7,1
93101,150.00%,95,58.30%,38,4.30%,24,27.80%,23,18
93103,55.20%,388,30.20%,250,45.50%,192,25.70%,132,105
93105,28.30%,1065,10.10%,830,22.80%,754,34.10%,614,458
1,,,,,09302024.,,,,
,,,,,,,,,
,40.30%,449832,20.60%,320572,12.40%,265909,15.40%,236515,204868
93108,25.50%,1150,26.00%,916,37.70%,727,59.00%,528,332
93109,121.10%,42,90.00%,19,9.10%,10,22.20%,11,9
93110,201.90%,163,35.00%,54,66.70%,40,60.00%,24,15
93111,150.00%,210,25.40%,84,34.00%,67,19.00%,50,42
93117,60.20%,282,1.70%,176,23.60%,173,44.30%,140,97
93254,33.30%,16,84.60%,24,30.00%,13,0.00%,10,10
93427,69.20%,66,0.00%,39,225.00%,39,500.00%,12,2
93429,50.00%,3,0.00%,2,100.00%,2,0.00%,1,1
93434,66.70%,10,20.00%,6,16.70%,5,14.30%,6,7
93436,77.90%,265,55.20%,149,21.50%,96,163.30%,79,30
93440,46.40%,41,100.00%,28,16.70%,14,200.00%,12,4
93441,2.10%,48,6.00%,47,16.30%,50,104.80%,43,21
93454,37.00%,100,14.10%,73,33.30%,64,37.10%,48,35
93455,197.40%,116,160.00%,39,66.70%,15,50.00%,9,6
93458,0.00%,44,100.00%,,0.00%,2,0.00%,2,2
93460,9.80%,157,23.30%,143,61.10%,116,100.00%,72,36
93463,106.40%,97,123.80%,47,40.00%,21,114.30%,15,7
94022,122.90%,243,31.30%,109,69.40%,83,22.50%,49,40
94024,72.20%,155,40.60%,90,42.20%,64,60.70%,45,28
94040,150.00%,10,33.30%,4,0.00%,3,0.00%,3,3
94041,0.00%,4,0.00%,,0.00%,,0.00%,,
94043,233.30%,10,200.00%,3,0.00%,1,0.00%,1,1
94085,600.00%,7,0.00%,1,0.00%,1,0.00%,,
94086,160.00%,13,66.70%,5,25.00%,3,33.30%,4,3
94087,266.70%,11,50.00%,3,100.00%,2,50.00%,1,2
94089,650.00%,15,0.00%,2,0.00%,,0.00%,,
94301,141.70%,29,33.30%,12,0.00%,9,80.00%,9,5
94304,83.30%,11,20.00%,6,0.00%,5,150.00%,5,2
94305,133.30%,7,50.00%,3,100.00%,2,50.00%,1,2
94306,320.00%,21,400.00%,5,50.00%,1,0.00%,2,2
95002,20.00%,4,0.00%,5,28.60%,5,16.70%,7,6
95008,166.70%,16,200.00%,6,0.00%,2,100.00%,2,1
95013,0.00%,2,100.00%,,0.00%,1,0.00%,,
95014,133.30%,119,31.10%,51,155.20%,74,52.60%,29,19
95020,125.50%,221,53.10%,98,42.20%,64,80.00%,45,25
95030,54.10%,430,26.20%,279,11.60%,221,108.40%,198,95
95032,96.80%,185,46.90%,94,20.80%,64,32.50%,53,40
95035,716.70%,49,20.00%,6,25.00%,5,33.30%,4,3
95037,65.30%,395,44.00%,239,19.40%,166,25.20%,139,111
95046,79.20%,43,380.00%,24,25.00%,5,300.00%,4,1
95050,275.00%,15,100.00%,4,50.00%,2,0.00%,4,4
95051,250.00%,14,100.00%,4,0.00%,2,0.00%,2,2
95054,300.00%,4,0.00%,1,0.00%,1,100.00%,,1
1,,,,,09302024.,,,,
,,,,,,,,,
,40.30%,449832,20.60%,320572,12.40%,265909,15.40%,236515,204868
95070,105.60%,407,45.60%,198,28.30%,136,49.30%,106,71
95110,6.30%,30,5.90%,32,0.00%,34,5.60%,34,36
95111,100.00%,50,13.60%,25,10.00%,22,9.10%,20,22
95112,59.30%,86,22.90%,54,13.60%,70,12.00%,81,92
95113,0.00%,,0.00%,,0.00%,,0.00%,,
95116,33.30%,44,35.30%,33,29.20%,51,7.70%,72,78
95117,233.30%,10,50.00%,3,0.00%,2,0.00%,2,2
95118,23.10%,16,50.00%,13,3.70%,26,10.00%,27,30
95119,1200.00%,13,0.00%,1,100.00%,,0.00%,1,
95120,141.90%,179,138.70%,74,47.60%,31,16.70%,21,18
95121,300.00%,40,16.70%,10,9.10%,12,15.40%,11,13
95122,76.90%,46,16.10%,26,3.30%,31,3.20%,30,31
95123,263.60%,40,83.30%,11,0.00%,6,14.30%,6,7
95124,237.50%,27,166.70%,8,25.00%,3,33.30%,4,3
95125,153.30%,38,0.00%,15,7.10%,15,40.00%,14,10
95126,3.70%,28,10.00%,27,3.20%,30,0.00%,31,31
95127,86.90%,114,17.30%,61,0.00%,52,6.10%,52,49
95128,133.30%,21,28.60%,9,0.00%,7,0.00%,7,7
95129,325.00%,17,33.30%,4,0.00%,3,0.00%,3,3
95130,0.00%,2,100.00%,,0.00%,1,0.00%,,
95131,175.00%,11,100.00%,4,100.00%,2,0.00%,1,1
95132,106.30%,33,45.50%,16,22.20%,11,10.00%,9,10
95133,183.30%,17,20.00%,6,25.00%,5,100.00%,4,2
95134,1000.00%,11,0.00%,1,0.00%,1,0.00%,,
95135,260.00%,36,900.00%,10,66.70%,1,40.00%,3,5
95136,600.00%,21,0.00%,3,0.00%,,100.00%,,1
95138,310.00%,41,42.90%,10,75.00%,7,20.00%,4,5
95139,166.70%,8,200.00%,3,0.00%,1,0.00%,1,1
95140,22.70%,27,29.40%,22,0.00%,17,30.80%,17,13
95141,50.00%,3,0.00%,2,0.00%,2,0.00%,,
95148,461.50%,73,30.00%,13,25.00%,10,20.00%,8,10
95003,123.10%,618,38.50%,277,4.20%,200,178.30%,192,69
95005,81.00%,677,50.80%,374,68.70%,248,42.70%,147,103
95006,37.10%,1153,44.80%,841,88.00%,581,37.30%,309,225
95007,0.00%,109,0.00%,,0.00%,,0.00%,,
95010,300.00%,12,200.00%,3,0.00%,1,0.00%,1,1
95017,15.80%,22,26.70%,19,50.00%,15,37.50%,10,16
95018,63.00%,944,35.90%,579,62.00%,426,37.70%,263,191
95019,0.00%,5,0.00%,,0.00%,,0.00%,,
95033,77.20%,1180,18.50%,666,32.90%,562,13.10%,423,374
95041,0.00%,73,0.00%,,0.00%,,0.00%,,
95060,110.70%,826,49.00%,392,64.40%,263,21.20%,160,132
95062,137.50%,38,33.30%,16,14.30%,12,12.50%,14,16
1,,,,,09302024.,,,,
,,,,,,,,,
,40.30%,449832,20.60%,320572,12.40%,265909,15.40%,236515,204868
95064,100.00%,6,200.00%,3,0.00%,1,0.00%,1,1
95065,129.80%,301,45.60%,131,28.60%,90,59.10%,70,44
95066,115.90%,937,83.10%,434,100.80%,237,51.30%,118,78
95073,88.70%,383,31.00%,203,20.20%,155,168.80%,129,48
95076,68.40%,549,42.40%,326,44.00%,229,26.20%,159,126
96001,67.20%,505,102.70%,302,8.80%,149,26.90%,137,108
96002,131.20%,178,108.10%,77,85.00%,37,42.90%,20,14
96003,51.50%,1127,54.00%,744,17.50%,483,38.40%,411,297
96007,96.50%,623,93.30%,317,41.40%,164,50.60%,116,77
96008,58.30%,133,27.30%,84,15.80%,66,42.50%,57,40
96013,77.60%,238,74.00%,134,26.20%,77,60.50%,61,38
96016,125.00%,63,55.60%,28,28.60%,18,40.00%,14,10
96017,7.10%,39,40.00%,42,20.00%,30,25.00%,25,20
96019,56.90%,320,71.40%,204,33.70%,119,61.80%,89,55
96028,85.40%,76,86.40%,41,100.00%,22,57.10%,11,7
96033,48.10%,40,80.00%,27,50.00%,15,42.90%,10,7
96040,80.00%,27,114.30%,15,40.00%,7,0.00%,5,5
96047,52.60%,87,72.70%,57,10.80%,33,60.90%,37,23
96051,19.70%,249,35.10%,208,8.50%,154,22.40%,142,116
96059,100.00%,,20.50%,47,0.00%,39,0.00%,,
96062,36.80%,52,52.00%,38,13.60%,25,37.50%,22,16
96065,28.40%,95,10.40%,74,13.60%,67,47.50%,59,40
96069,26.80%,90,29.10%,71,0.00%,55,14.60%,55,48
96071,29.40%,66,15.90%,51,15.80%,44,40.70%,38,27
96073,43.40%,109,49.00%,76,34.20%,51,11.80%,38,34
96076,0.00%,12,20.00%,12,23.10%,10,18.20%,13,11
96087,80.00%,54,50.00%,30,100.00%,20,150.00%,10,4
96088,17.90%,817,65.80%,693,10.00%,418,29.70%,380,293
96089,0.00%,8,0.00%,,0.00%,,0.00%,,
96096,23.10%,96,39.30%,78,17.60%,56,41.70%,68,48
95910,15.40%,11,0.00%,13,0.00%,13,8.30%,13,12
95936,4.80%,88,9.10%,84,11.60%,77,21.10%,69,57
95944,22.20%,11,28.60%,9,0.00%,7,16.70%,7,6
96118,97.10%,67,47.80%,34,35.30%,23,5.60%,17,18
96124,35.50%,84,12.70%,62,22.20%,55,55.20%,45,29
96125,11.90%,150,16.50%,134,19.80%,115,24.70%,96,77
96126,86.40%,41,83.30%,22,20.00%,12,66.70%,10,6
95568,14.30%,6,0.00%,7,16.70%,7,100.00%,6,3
96014,58.80%,27,70.00%,17,11.10%,10,28.60%,9,7
96023,60.00%,16,25.00%,10,0.00%,8,100.00%,8,4
96025,23.30%,291,43.90%,236,11.60%,164,23.50%,147,119
96027,47.80%,136,48.40%,92,6.90%,62,100.00%,58,29
96031,14.30%,6,0.00%,7,0.00%,7,12.50%,7,8
1,,,,,09302024.,,,,
,,,,,,,,,
,40.30%,449832,20.60%,320572,12.40%,265909,15.40%,236515,204868
96032,40.20%,129,26.00%,92,17.70%,73,19.20%,62,52
96034,25.00%,6,14.30%,8,16.70%,7,20.00%,6,5
96038,400.00%,15,50.00%,3,100.00%,2,0.00%,1,1
96039,20.00%,78,12.10%,65,16.00%,58,0.00%,50,50
96044,39.40%,46,73.70%,33,18.80%,19,60.00%,16,10
96050,11.50%,29,23.50%,26,6.30%,34,10.30%,32,29
96057,31.10%,156,36.80%,119,3.60%,87,25.40%,84,67
96058,33.30%,16,20.00%,12,0.00%,10,100.00%,10,5
96064,77.30%,117,37.50%,66,84.60%,48,73.30%,26,15
96067,215.20%,561,54.80%,178,32.20%,115,27.90%,87,68
96085,0.00%,10,9.10%,10,15.40%,11,44.40%,13,9
96086,0.00%,26,4.00%,26,13.60%,25,10.00%,22,20
96094,143.00%,311,75.30%,128,46.00%,73,47.10%,50,34
96097,155.50%,304,45.10%,119,30.20%,82,37.00%,63,46
96134,50.00%,6,300.00%,4,83.30%,1,20.00%,6,5
94510,512.50%,49,100.00%,8,0.00%,4,33.30%,4,3
94512,0.00%,1,0.00%,1,0.00%,1,0.00%,1,1
94533,175.00%,55,233.30%,20,0.00%,6,50.00%,6,12
94534,126.60%,213,129.30%,94,95.20%,41,40.00%,21,15
94571,400.00%,10,100.00%,2,0.00%,1,50.00%,1,2
94585,56.30%,25,77.80%,16,12.50%,9,27.30%,8,11
94589,86.70%,28,36.40%,15,8.30%,11,9.10%,12,11
94590,36.00%,68,31.60%,50,2.70%,38,2.60%,37,38
94591,105.70%,72,29.60%,35,3.60%,27,7.70%,28,26
94592,0.00%,4,0.00%,,0.00%,,0.00%,,
95620,450.00%,11,0.00%,2,100.00%,,66.70%,1,3
95687,228.60%,23,75.00%,7,0.00%,4,20.00%,4,5
95688,153.20%,119,80.80%,47,85.70%,26,16.70%,14,12
94922,36.40%,15,0.00%,11,0.00%,11,0.00%,,
94923,54.80%,48,29.20%,31,50.00%,24,0.00%,16,16
94928,850.00%,38,33.30%,4,200.00%,3,0.00%,1,1
94931,275.00%,15,300.00%,4,0.00%,1,100.00%,,4
94951,86.20%,54,107.10%,29,75.00%,14,100.00%,8,4
94952,64.50%,125,76.70%,76,186.70%,43,11.80%,15,17
94954,166.70%,64,33.30%,24,500.00%,18,200.00%,3,1
94972,100.00%,,0.00%,1,0.00%,,0.00%,,
95401,135.70%,33,180.00%,14,16.70%,5,200.00%,6,2
95403,89.80%,186,40.00%,98,84.20%,70,171.40%,38,14
95404,49.80%,704,41.60%,470,98.80%,332,35.80%,167,123
95405,196.20%,77,333.30%,26,50.00%,6,0.00%,4,4
95407,82.20%,82,104.50%,45,0.00%,22,69.20%,22,13
95409,174.00%,359,133.90%,131,124.00%,56,38.90%,25,18
95412,20.00%,16,5.30%,20,26.70%,19,150.00%,15,6
1,,,,,09302024.,,,,
,,,,,,,,,
,40.30%,449832,20.60%,320572,12.40%,265909,15.40%,236515,204868
95419,0.00%,35,0.00%,,0.00%,,0.00%,,
95421,63.50%,242,23.30%,148,60.00%,120,25.00%,75,60
95425,55.80%,257,48.60%,165,44.20%,111,26.20%,77,61
95436,39.20%,270,45.90%,194,111.10%,133,57.50%,63,40
95439,0.00%,1,0.00%,,0.00%,,0.00%,,
95441,11.60%,125,34.90%,112,93.00%,83,26.50%,43,34
95442,43.40%,228,37.10%,159,205.30%,116,31.00%,38,29
95444,50.00%,3,0.00%,2,100.00%,,0.00%,1,
95446,46.60%,881,105.10%,601,128.90%,293,56.10%,128,82
95448,27.70%,549,24.30%,430,60.20%,346,30.90%,216,165
95450,5.50%,96,13.80%,91,60.00%,80,35.10%,50,37
95452,85.40%,76,57.70%,41,420.00%,26,37.50%,5,8
95462,35.70%,213,72.50%,157,93.60%,91,23.70%,47,38
95465,5.80%,91,45.80%,86,247.10%,59,88.90%,17,9
95471,0.00%,35,0.00%,,0.00%,,0.00%,,
95472,54.60%,317,62.70%,205,51.80%,126,62.70%,83,51
95476,100.50%,437,69.00%,218,152.90%,129,41.70%,51,36
95492,173.10%,71,100.00%,26,18.20%,13,37.50%,11,8
95497,74.30%,197,48.70%,113,61.70%,76,30.60%,47,36
95307,300.00%,32,11.10%,8,12.50%,9,11.10%,8,9
95313,0.00%,1,0.00%,1,50.00%,1,0.00%,2,2
95316,0.00%,5,0.00%,,0.00%,,0.00%,,
95319,0.00%,2,0.00%,,0.00%,,0.00%,,
95323,0.00%,2,0.00%,2,100.00%,2,0.00%,1,1
95326,350.00%,9,0.00%,2,0.00%,2,33.30%,2,3
95328,0.00%,5,0.00%,,0.00%,,100.00%,,1
95350,300.00%,32,33.30%,8,33.30%,6,50.00%,9,6
95351,186.70%,43,66.70%,15,28.60%,9,30.00%,7,10
95354,225.00%,26,33.30%,8,25.00%,6,33.30%,8,6
95355,144.40%,22,80.00%,9,0.00%,5,28.60%,5,7
95356,275.00%,15,100.00%,4,0.00%,2,100.00%,2,1
95357,100.00%,12,0.00%,6,20.00%,6,0.00%,5,5
95358,100.00%,28,16.70%,14,20.00%,12,0.00%,10,10
95360,166.70%,8,200.00%,3,50.00%,1,100.00%,2,1
95361,55.20%,45,61.10%,29,5.90%,18,30.80%,17,13
95363,225.00%,39,50.00%,12,700.00%,8,0.00%,1,1
95367,1100.00%,12,0.00%,1,100.00%,,0.00%,1,1
95368,800.00%,9,0.00%,1,0.00%,,0.00%,,
95380,76.90%,23,550.00%,13,33.30%,2,50.00%,3,6
95382,350.00%,9,66.70%,2,50.00%,6,33.30%,4,3
95385,100.00%,2,0.00%,1,0.00%,1,0.00%,,
95386,200.00%,6,0.00%,2,33.30%,2,0.00%,3,3
95645,0.00%,1,0.00%,1,0.00%,,0.00%,,
1,,,,,09302024.,,,,
,,,,,,,,,
,40.30%,449832,20.60%,320572,12.40%,265909,15.40%,236515,204868
95659,0.00%,,100.00%,,50.00%,1,0.00%,2,
95668,300.00%,4,0.00%,1,0.00%,,0.00%,,
95674,50.00%,3,100.00%,2,0.00%,1,0.00%,1,1
95953,0.00%,7,22.20%,7,12.50%,9,14.30%,8,7
95957,0.00%,1,50.00%,1,0.00%,2,0.00%,2,2
95982,0.00%,2,100.00%,2,0.00%,1,0.00%,,
95991,433.30%,16,0.00%,3,25.00%,3,100.00%,4,2
95993,1300.00%,14,0.00%,1,0.00%,1,66.70%,1,3
96021,100.00%,236,73.50%,118,126.70%,68,100.00%,30,15
96022,46.40%,606,64.90%,414,28.70%,251,27.50%,195,153
96035,1200.00%,13,0.00%,1,0.00%,1,0.00%,,
96055,285.70%,27,250.00%,7,33.30%,2,200.00%,3,1
96059,0.00%,77,0.00%,,100.00%,,15.40%,30,26
96061,5.80%,91,34.40%,86,20.80%,64,1.90%,53,52
96075,27.60%,37,7.40%,29,0.00%,27,50.00%,27,18
96080,65.30%,372,66.70%,225,6.30%,135,25.70%,127,101
95526,7.00%,53,21.30%,57,2.20%,47,21.10%,46,38
95527,7.90%,68,8.60%,63,7.40%,58,28.60%,54,42
95552,3.80%,55,17.80%,53,4.70%,45,19.40%,43,36
95563,29.90%,152,4.50%,117,1.80%,112,17.50%,114,97
95595,55.60%,14,40.00%,9,11.80%,15,13.30%,17,15
96010,53.80%,20,18.80%,13,0.00%,16,23.10%,16,13
96024,16.40%,142,15.10%,122,1.00%,106,29.60%,105,81
96041,18.60%,115,9.00%,97,1.10%,89,31.30%,88,67
96046,42.10%,11,5.00%,19,33.30%,20,130.80%,30,13
96048,20.80%,58,23.10%,48,4.90%,39,24.20%,41,33
96052,17.00%,193,20.40%,165,5.40%,137,14.00%,130,114
96091,31.30%,218,3.80%,166,3.60%,160,16.90%,166,142
96093,47.20%,159,71.40%,108,6.80%,63,73.50%,59,34
93201,0.00%,8,0.00%,,0.00%,,0.00%,,
93207,0.00%,173,8.10%,173,6.70%,160,36.40%,150,110
93208,0.00%,54,0.00%,,0.00%,,0.00%,,
93218,0.00%,3,0.00%,,0.00%,,0.00%,,
93219,75.00%,7,33.30%,4,25.00%,6,33.30%,8,6
93221,416.70%,31,0.00%,6,100.00%,6,0.00%,3,3
93223,220.00%,16,44.40%,5,200.00%,9,0.00%,3,3
93235,300.00%,4,0.00%,1,0.00%,1,0.00%,1,1
93244,60.00%,8,0.00%,5,0.00%,5,0.00%,,
93247,200.00%,12,20.00%,4,16.70%,5,100.00%,6,3
93256,80.00%,9,44.40%,5,200.00%,9,200.00%,3,1
93257,127.50%,207,40.00%,91,41.30%,65,15.00%,46,40
93260,0.50%,219,7.90%,218,14.10%,202,27.30%,177,139
93262,0.00%,7,40.00%,7,0.00%,5,25.00%,5,4
1,,,,,09302024.,,,,
,,,,,,,,,
,40.30%,449832,20.60%,320572,12.40%,265909,15.40%,236515,204868
93265,4.80%,592,17.70%,565,10.10%,480,4.80%,436,416
93267,160.00%,13,37.50%,5,300.00%,8,50.00%,2,4
93270,100.00%,12,14.30%,6,40.00%,7,25.00%,5,4
93271,18.80%,574,91.70%,483,49.10%,252,113.90%,169,79
93272,200.00%,3,50.00%,1,100.00%,2,0.00%,1,1
93274,277.80%,68,40.00%,18,172.70%,30,0.00%,11,11
93277,208.30%,37,71.40%,12,133.30%,7,25.00%,3,4
93286,116.70%,26,20.00%,12,66.70%,10,200.00%,6,2
93291,230.00%,66,48.70%,20,457.10%,39,133.30%,7,3
93292,176.90%,36,27.80%,13,80.00%,18,100.00%,10,5
93603,6.60%,57,10.90%,61,31.00%,55,40.00%,42,30
93615,100.00%,6,25.00%,3,0.00%,4,0.00%,4,4
93618,116.70%,13,0.00%,6,100.00%,6,50.00%,3,2
93647,92.30%,25,7.10%,13,75.00%,14,60.00%,8,5
95305,0.00%,26,0.00%,,0.00%,,0.00%,,
95310,17.50%,363,18.40%,309,6.10%,261,19.40%,246,206
95321,7.70%,2020,16.70%,1876,14.30%,1608,19.90%,1407,1173
95327,28.80%,671,45.10%,521,23.80%,359,30.00%,290,223
95329,21.40%,312,39.70%,257,29.60%,184,16.40%,142,122
95335,1.00%,862,9.00%,871,12.10%,799,16.30%,713,613
95346,0.00%,707,7.90%,707,4.80%,655,13.20%,625,552
95370,12.90%,4574,22.40%,4053,6.30%,3310,12.50%,3113,2766
95372,15.20%,364,19.20%,316,10.00%,265,15.30%,241,209
95379,20.20%,738,41.10%,614,12.10%,435,28.50%,388,302
95383,1.80%,1994,9.10%,1958,8.60%,1795,11.50%,1653,1483
91320,213.90%,653,55.20%,208,24.10%,134,22.70%,108,88
91360,235.00%,412,61.80%,123,13.40%,76,11.70%,67,60
91361,110.20%,1011,10.80%,481,19.60%,434,61.30%,363,225
91362,204.40%,828,61.90%,272,29.20%,168,41.30%,130,92
91377,258.80%,427,50.60%,119,3.90%,79,28.80%,76,59
93001,56.70%,467,25.70%,298,20.90%,237,46.30%,196,134
93003,205.00%,244,70.20%,80,14.60%,47,70.80%,41,24
93004,172.70%,60,57.10%,22,55.60%,14,200.00%,9,3
93010,158.70%,119,27.80%,46,20.00%,36,100.00%,30,15
93012,113.50%,316,29.80%,148,22.60%,114,63.20%,93,57
93015,30.90%,195,12.00%,149,68.40%,133,54.90%,79,51
93021,91.30%,503,41.40%,263,31.00%,186,86.80%,142,76
93022,126.00%,217,77.80%,96,74.20%,54,34.80%,31,23
93023,59.60%,1293,35.50%,810,69.40%,598,104.00%,353,173
93030,120.00%,33,7.10%,15,16.70%,14,7.70%,12,13
93033,128.60%,96,75.00%,42,11.10%,24,35.00%,27,20
93035,137.50%,38,14.30%,16,6.70%,14,25.00%,15,12
93036,67.90%,47,64.70%,28,10.50%,17,26.70%,19,15
1,,,,,09302024.,,,,
,,,,,,,,,
,40.30%,449832,20.60%,320572,12.40%,265909,15.40%,236515,204868
93040,41.70%,34,26.30%,24,46.20%,19,30.00%,13,10
93041,300.00%,24,0.00%,6,50.00%,6,33.30%,4,3
93060,44.30%,391,22.60%,271,34.80%,221,105.00%,164,80
93063,95.50%,739,18.90%,378,11.60%,318,14.00%,285,250
93065,164.80%,932,55.80%,352,20.90%,226,34.50%,187,139
93066,43.80%,105,23.70%,73,9.30%,59,440.00%,54,10
95605,122.20%,20,800.00%,9,0.00%,1,100.00%,,2
95606,20.00%,4,25.00%,5,100.00%,4,0.00%,2,
95607,16.70%,5,200.00%,6,100.00%,2,0.00%,1,
95612,0.00%,1,0.00%,1,0.00%,,100.00%,,1
95616,33.30%,4,50.00%,3,0.00%,2,33.30%,2,3
95618,20.00%,6,400.00%,5,0.00%,1,0.00%,1,
95627,600.00%,7,0.00%,1,0.00%,,100.00%,,1
95637,66.70%,15,80.00%,9,150.00%,5,0.00%,2,
95679,11.10%,10,80.00%,9,16.70%,5,50.00%,6,4
95691,27.60%,21,383.30%,29,80.00%,6,3.40%,30,29
95694,48.40%,46,34.80%,31,109.10%,23,175.00%,11,4
95695,150.00%,15,50.00%,6,0.00%,4,0.00%,4,4
95698,0.00%,1,0.00%,1,0.00%,1,0.00%,1,1
95776,0.00%,10,0.00%,,100.00%,,0.00%,2,
95937,0.00%,1,0.00%,1,0.00%,1,0.00%,1,1
95692,162.50%,21,100.00%,8,0.00%,4,100.00%,4,2
95901,118.70%,199,89.60%,91,14.30%,48,50.00%,42,28
95918,53.20%,170,52.10%,111,52.10%,73,54.80%,48,31
95919,14.70%,258,9.20%,225,12.00%,206,23.50%,184,149
95922,6.50%,98,13.60%,92,0.00%,81,28.60%,81,63
95925,15.00%,46,2.60%,40,67.20%,39,28.00%,119,93
95935,17.00%,165,18.50%,141,20.20%,119,22.20%,99,81
95961,112.50%,17,100.00%,8,76.50%,4,466.70%,17,3
95962,15.70%,243,22.10%,210,16.20%,172,21.30%,148,122
95972,21.40%,34,40.00%,28,33.30%,20,16.70%,15,18
95981,41.80%,124,17.00%,213,82.00%,182,20.50%,100,83
1,,,,,09302024.,,,,
